TIME,MAP (kPa),Engine speed (RPM),Oxygen sensor 1 (V),Oxygen sensor 1 (%),Oxygen sensor 2 (V),Oxygen sensor 2 (%),Fuel system operation mode
1711129942.633171,42,947.0,0.895,0.0,0.68,0.78125,OPEN_LOOP_INS_TEMP
1711129943.877775,42,949.0,0.895,0.0,0.685,0.78125,OPEN_LOOP_INS_TEMP
1711129945.1384,42,948.0,0.88,0.0,0.69,0.78125,OPEN_LOOP_INS_TEMP
1711129946.370632,42,940.0,0.885,0.0,0.695,0.78125,OPEN_LOOP_INS_TEMP
1711129947.658736,42,946.0,0.885,0.0,0.7,0.78125,OPEN_LOOP_INS_TEMP
1711129948.889262,43,962.0,0.87,0.0,0.705,0.78125,OPEN_LOOP_INS_TEMP
1711129950.088911,42,938.0,0.835,0.0,0.71,0.78125,OPEN_LOOP_INS_TEMP
1711129951.319455,42,937.0,0.84,0.0,0.715,0.78125,OPEN_LOOP_INS_TEMP
1711129952.550017,43,966.0,0.855,0.0,0.72,0.78125,OPEN_LOOP_INS_TEMP
1711129953.748009,42,929.0,0.84,0.0,0.725,0.78125,OPEN_LOOP_INS_TEMP
1711129955.038004,42,934.0,0.835,-3.125,0.73,0.78125,CLOSED_LOOP
1711129956.268285,43,930.0,0.165,-5.46875,0.735,0.78125,CLOSED_LOOP
1711129957.499044,43,974.0,0.455,2.34375,0.74,0.78125,CLOSED_LOOP
1711129958.758593,42,942.0,0.765,-8.59375,0.745,0.78125,CLOSED_LOOP
1711129960.049984,44,952.0,0.035,-0.78125,0.745,0.78125,CLOSED_LOOP
1711129961.279167,42,962.0,0.885,-3.125,0.75,0.78125,CLOSED_LOOP
1711129962.538247,43,936.0,0.055,-5.46875,0.75,0.78125,CLOSED_LOOP
1711129963.738538,44,991.0,0.265,2.34375,0.755,0.78125,CLOSED_LOOP
1711129964.969099,42,936.0,0.715,-7.8125,0.755,0.78125,CLOSED_LOOP
1711129966.228442,43,935.0,0.05,0.78125,0.76,0.78125,CLOSED_LOOP
1711129967.518988,42,928.0,0.77,-5.46875,0.76,0.78125,CLOSED_LOOP
1711129968.750847,48,949.0,0.04,2.34375,0.76,0.78125,CLOSED_LOOP
1711129970.039884,46,974.0,0.89,-0.78125,0.765,0.78125,CLOSED_LOOP
1711129971.268351,47,934.0,0.055,-2.34375,0.765,0.78125,CLOSED_LOOP
1711129972.471274,48,958.0,0.1,6.25,0.76,0.78125,CLOSED_LOOP
1711129973.697997,56,1359.0,0.675,12.5,0.765,0.78125,CLOSED_LOOP
1711129974.988772,43,1528.0,0.885,3.125,0.77,0.78125,CLOSED_LOOP
1711129976.187996,44,1430.0,0.865,-3.125,0.765,0.78125,CLOSED_LOOP
1711129977.418967,45,860.0,0.035,-2.34375,0.755,0.78125,CLOSED_LOOP
1711129978.6486,48,1783.0,0.92,-2.34375,0.77,0.78125,CLOSED_LOOP
1711129979.87814,40,1161.0,0.89,-7.03125,0.775,0.78125,CLOSED_LOOP
1711129981.167986,57,826.0,0.015,-3.125,0.76,0.78125,CLOSED_LOOP
1711129982.429147,55,989.0,0.16,5.46875,0.765,0.78125,CLOSED_LOOP
1711129983.719703,46,944.0,0.765,-3.90625,0.765,0.78125,CLOSED_LOOP
1711129984.978967,51,987.0,0.085,4.6875,0.765,0.78125,CLOSED_LOOP
1711129986.269334,56,1256.0,0.485,9.375,0.755,0.78125,CLOSED_LOOP
1711129987.558255,71,898.0,0.465,10.9375,0.75,0.78125,CLOSED_LOOP
1711129988.878194,60,1652.0,0.93,1.5625,0.81,0.78125,CLOSED_LOOP
1711129990.138472,43,1695.0,0.855,-6.25,0.77,0.78125,CLOSED_LOOP
1711129991.459707,53,1762.0,0.055,-1.5625,0.755,0.78125,CLOSED_LOOP
1711129992.778831,49,2126.0,0.34,-8.59375,0.755,0.78125,CLOSED_LOOP
1711129994.098358,44,2335.0,0.135,-7.8125,0.755,0.78125,CLOSED_LOOP
1711129995.447871,29,2138.0,0.66,-16.40625,0.76,0.78125,CLOSED_LOOP
1711129996.64819,52,1272.0,0.03,-8.59375,0.76,0.78125,CLOSED_LOOP
1711129997.999598,62,1330.0,0.035,-2.34375,0.75,0.78125,CLOSED_LOOP
1711129999.287742,64,1382.0,0.79,-7.03125,0.75,0.78125,CLOSED_LOOP
1711130000.487893,58,1597.0,0.08,-1.5625,0.75,0.78125,CLOSED_LOOP
1711130001.778058,47,1761.0,0.87,-9.375,0.755,0.78125,CLOSED_LOOP
1711130003.038393,35,1423.0,0.645,-15.625,0.755,0.78125,CLOSED_LOOP
1711130004.237715,54,940.0,0.02,-9.375,0.75,0.78125,CLOSED_LOOP
1711130005.469992,53,954.0,0.035,-6.25,0.75,0.78125,CLOSED_LOOP
1711130006.697773,52,975.0,0.045,-2.34375,0.745,0.78125,CLOSED_LOOP
1711130007.957695,50,999.0,0.6,-0.78125,0.745,0.78125,CLOSED_LOOP
1711130009.337337,73,1698.0,0.845,3.90625,0.715,0.78125,CLOSED_LOOP
1711130010.659074,66,2280.0,0.415,-3.90625,0.715,0.78125,CLOSED_LOOP
1711130011.91814,80,3381.0,0.945,-3.125,0.77,0.78125,CLOSED_LOOP
1711130013.298405,31,2066.0,0.015,2.34375,0.085,0.78125,CLOSED_LOOP
1711130014.529839,96,2476.0,0.06,10.15625,0.13,0.78125,CLOSED_LOOP
1711130015.818286,96,3219.0,0.97,3.90625,0.845,0.78125,CLOSED_LOOP
1711130017.048387,28,2598.0,0.0,0.0,0.07,0.78125,CLOSED_LOOP
1711130018.278067,92,2165.0,0.14,6.25,0.11,0.78125,CLOSED_LOOP
1711130019.477673,92,2366.0,0.3,7.03125,0.15,0.78125,CLOSED_LOOP
1711130020.709096,91,2589.0,0.81,2.34375,0.18,0.78125,CLOSED_LOOP
1711130021.998671,85,2758.0,0.95,-3.90625,0.67,0.78125,CLOSED_LOOP
1711130023.198855,42,2744.0,0.06,-5.46875,0.72,0.78125,CLOSED_LOOP
1711130024.42812,59,2762.0,0.75,-5.46875,0.7,0.78125,CLOSED_LOOP
1711130025.748762,65,2811.0,0.135,-0.78125,0.725,0.78125,CLOSED_LOOP
1711130026.978784,29,2707.0,0.125,0.0,0.75,0.78125,CLOSED_LOOP
1711130028.268102,30,2507.0,0.0,0.0,0.06,0.78125,OPEN_LOOP
1711130029.559346,29,2255.0,0.0,0.0,0.055,0.78125,OPEN_LOOP
1711130030.789006,28,1614.0,0.625,2.34375,0.1,0.78125,CLOSED_LOOP
1711130032.048484,28,2548.0,0.015,0.0,0.12,0.78125,OPEN_LOOP
1711130033.369985,29,2285.0,0.0,0.0,0.07,0.78125,CLOSED_LOOP
1711130034.628409,48,2029.0,0.885,3.90625,0.125,0.78125,CLOSED_LOOP
1711130035.919026,71,2225.0,0.885,-0.78125,0.135,0.78125,CLOSED_LOOP
1711130037.17896,48,2231.0,0.095,-3.90625,0.14,0.78125,CLOSED_LOOP
1711130038.378017,60,2289.0,0.815,-1.5625,0.15,0.78125,CLOSED_LOOP
1711130039.607961,59,2476.0,0.73,-5.46875,0.15,0.78125,CLOSED_LOOP
1711130040.868811,54,2622.0,0.11,0.0,0.155,0.78125,CLOSED_LOOP
1711130042.068464,66,2732.0,0.42,1.5625,0.16,0.78125,CLOSED_LOOP
1711130043.298777,78,2959.0,0.76,-3.125,0.165,0.78125,CLOSED_LOOP
1711130044.558536,35,3083.0,0.915,-8.59375,0.165,0.78125,OPEN_LOOP
1711130045.758845,33,1879.0,0.055,3.125,0.135,0.78125,CLOSED_LOOP
1711130047.018175,68,1840.0,0.81,-6.25,0.16,0.78125,CLOSED_LOOP
1711130048.308385,95,3560.0,0.0,0.0,0.205,0.78125,CLOSED_LOOP
1711130049.569107,54,2661.0,0.16,1.5625,0.15,0.78125,CLOSED_LOOP
1711130050.767888,84,3019.0,0.775,4.6875,0.17,0.78125,CLOSED_LOOP
1711130052.028655,57,3330.0,0.91,-7.8125,0.17,0.78125,OPEN_LOOP
1711130053.288056,38,2040.0,0.705,4.6875,0.15,0.78125,CLOSED_LOOP
1711130054.578338,95,2221.0,0.77,1.5625,0.175,0.78125,CLOSED_LOOP
1711130055.779802,96,2407.0,0.105,5.46875,0.18,0.78125,CLOSED_LOOP
1711130057.009415,83,2582.0,0.4,-3.90625,0.185,0.78125,CLOSED_LOOP
1711130058.268672,90,2677.0,0.09,4.6875,0.185,0.78125,CLOSED_LOOP
1711130059.46783,92,2769.0,0.865,3.90625,0.19,0.78125,CLOSED_LOOP
1711130060.670327,92,2856.0,0.72,1.5625,0.2,0.78125,CLOSED_LOOP
1711130061.838134,93,2925.0,0.115,4.6875,0.205,0.78125,CLOSED_LOOP
1711130063.070627,93,2992.0,0.645,10.15625,0.24,0.78125,CLOSED_LOOP
1711130064.268629,93,3065.0,0.8,2.34375,0.475,0.78125,CLOSED_LOOP
1711130065.438662,68,3095.0,0.945,-2.34375,0.885,0.78125,OPEN_LOOP
1711130066.667887,31,2128.0,0.04,3.90625,0.845,0.78125,CLOSED_LOOP
1711130067.897975,85,2071.0,0.83,0.0,0.83,0.78125,CLOSED_LOOP
1711130069.127972,35,2048.0,0.915,-9.375,0.82,0.78125,CLOSED_LOOP
1711130070.38867,28,1661.0,0.81,-10.9375,0.83,0.78125,OPEN_LOOP
1711130071.649058,28,2737.0,0.9,0.0,0.83,0.78125,OPEN_LOOP
1711130072.93818,27,2523.0,0.0,0.0,0.785,0.78125,OPEN_LOOP
1711130074.139539,30,2361.0,0.0,0.0,0.065,0.78125,OPEN_LOOP
1711130075.39942,27,2200.0,0.0,0.78125,0.07,0.78125,OPEN_LOOP
1711130076.568876,30,2046.0,0.0,0.0,0.065,0.78125,OPEN_LOOP
1711130077.769834,33,1534.0,0.0,1.5625,0.065,0.78125,CLOSED_LOOP
1711130079.02851,47,1062.0,0.845,0.0,0.105,0.78125,CLOSED_LOOP
1711130080.288429,48,1941.0,0.045,-0.78125,0.13,0.78125,CLOSED_LOOP
1711130081.51765,87,2239.0,0.055,4.6875,0.125,0.78125,CLOSED_LOOP
1711130082.747759,96,2923.0,0.84,10.9375,0.165,0.78125,CLOSED_LOOP
1711130083.947737,31,3372.0,0.915,-3.90625,0.81,0.78125,OPEN_LOOP
1711130085.17858,45,2126.0,0.075,6.25,0.51,0.78125,CLOSED_LOOP
1711130086.438515,91,2350.0,0.7,6.25,0.73,0.78125,CLOSED_LOOP
1711130087.638591,84,2566.0,0.9,-0.78125,0.72,0.78125,CLOSED_LOOP
1711130088.869029,34,2581.0,0.88,-11.71875,0.695,0.78125,CLOSED_LOOP
1711130090.068649,50,2593.0,0.86,2.34375,0.695,0.78125,CLOSED_LOOP
1711130091.268204,29,2544.0,0.5,-1.5625,0.665,0.78125,OPEN_LOOP
1711130092.529011,28,2422.0,0.0,0.0,0.025,0.78125,OPEN_LOOP
1711130093.758823,27,2035.0,0.0,0.0,0.03,0.78125,OPEN_LOOP
1711130095.019005,31,1688.0,0.0,0.0,0.03,0.78125,CLOSED_LOOP
1711130096.27807,30,2803.0,0.0,0.0,0.035,0.78125,CLOSED_LOOP
1711130097.569416,52,2776.0,0.86,2.34375,0.11,0.78125,CLOSED_LOOP
1711130098.828288,33,2910.0,0.885,-10.9375,0.115,0.78125,OPEN_LOOP
1711130100.059005,30,2700.0,0.0,0.0,0.03,0.78125,CLOSED_LOOP
1711130101.348555,59,2698.0,0.835,0.0,0.115,0.78125,CLOSED_LOOP
1711130102.607933,64,2901.0,0.125,0.0,0.13,0.78125,CLOSED_LOOP
1711130103.86755,55,3125.0,0.815,2.34375,0.14,0.78125,CLOSED_LOOP
1711130105.127651,27,2776.0,0.07,0.0,0.13,0.78125,OPEN_LOOP
1711130106.387907,48,1960.0,0.105,5.46875,0.105,0.78125,CLOSED_LOOP
1711130107.588075,72,2063.0,0.655,5.46875,0.135,0.78125,CLOSED_LOOP
1711130108.817808,68,2191.0,0.88,-2.34375,0.14,0.78125,CLOSED_LOOP
1711130110.048692,54,2222.0,0.075,0.0,0.145,0.78125,CLOSED_LOOP
1711130111.248243,62,2243.0,0.525,2.34375,0.15,0.78125,CLOSED_LOOP
1711130112.478471,30,2230.0,0.895,-7.03125,0.155,0.78125,CLOSED_LOOP
1711130113.708739,26,2102.0,0.0,0.0,0.04,0.78125,OPEN_LOOP
1711130114.907963,38,2020.0,0.035,3.125,0.075,0.78125,CLOSED_LOOP
1711130116.167661,55,1954.0,0.27,0.0,0.115,0.78125,CLOSED_LOOP
1711130117.458409,46,2016.0,0.9,-6.25,0.13,0.78125,CLOSED_LOOP
1711130118.687758,26,3112.0,0.0,0.0,0.025,0.78125,CLOSED_LOOP
1711130119.947104,54,2967.0,0.745,0.0,0.12,0.78125,CLOSED_LOOP
1711130121.208805,75,3285.0,0.665,5.46875,0.14,0.78125,CLOSED_LOOP
1711130122.437788,25,3014.0,0.005,0.0,0.14,0.78125,CLOSED_LOOP
1711130123.728005,64,2132.0,0.865,5.46875,0.12,0.78125,CLOSED_LOOP
1711130124.958119,83,2296.0,0.765,-2.34375,0.145,0.78125,CLOSED_LOOP
1711130126.217687,85,2454.0,0.795,-9.375,0.155,0.78125,CLOSED_LOOP
1711130127.447704,36,2438.0,0.075,-2.34375,0.155,0.78125,OPEN_LOOP
1711130128.617542,28,2319.0,0.025,2.34375,0.065,0.78125,CLOSED_LOOP
1711130129.848319,39,2293.0,0.135,1.5625,0.11,0.78125,CLOSED_LOOP
1711130131.078029,27,2206.0,0.145,-2.34375,0.12,0.78125,CLOSED_LOOP
1711130132.307631,47,2212.0,0.745,3.90625,0.11,0.78125,CLOSED_LOOP
1711130133.50784,58,2258.0,0.69,0.0,0.13,0.78125,CLOSED_LOOP
1711130134.768635,33,2282.0,0.285,0.0,0.14,0.78125,CLOSED_LOOP
1711130136.029478,54,2316.0,0.84,1.5625,0.145,0.78125,CLOSED_LOOP
1711130137.287665,30,2283.0,0.35,-8.59375,0.145,0.78125,CLOSED_LOOP
1711130138.60875,59,2332.0,0.865,3.125,0.15,0.78125,CLOSED_LOOP
1711130139.86905,32,2323.0,0.865,-9.375,0.15,0.78125,CLOSED_LOOP
1711130141.12794,27,2207.0,0.0,0.0,0.01,0.78125,OPEN_LOOP
1711130142.358037,27,1623.0,0.395,2.34375,0.1,0.78125,CLOSED_LOOP
1711130143.647807,24,2778.0,0.02,0.0,0.105,0.78125,OPEN_LOOP
1711130144.907544,29,2528.0,0.0,0.0,0.005,0.78125,OPEN_LOOP
1711130146.167932,32,2211.0,0.0,0.0,0.0,0.78125,CLOSED_LOOP
1711130147.458879,40,2057.0,0.5,7.03125,0.085,0.78125,CLOSED_LOOP
1711130148.717684,34,2041.0,0.855,-2.34375,0.095,0.78125,CLOSED_LOOP
1711130149.918054,27,1856.0,0.81,-4.6875,0.105,0.78125,CLOSED_LOOP
1711130151.147829,48,1803.0,0.87,0.0,0.105,0.78125,CLOSED_LOOP
1711130152.377486,54,1917.0,0.105,0.0,0.125,0.78125,CLOSED_LOOP
1711130153.608447,56,2106.0,0.435,2.34375,0.135,0.78125,CLOSED_LOOP
1711130154.837941,37,2117.0,0.055,0.0,0.135,0.78125,CLOSED_LOOP
1711130156.068545,51,2252.0,0.365,-4.6875,0.145,0.78125,CLOSED_LOOP
1711130157.357695,51,2362.0,0.87,-1.5625,0.145,0.78125,CLOSED_LOOP
1711130158.587518,36,2350.0,0.05,-0.78125,0.145,0.78125,CLOSED_LOOP
1711130159.877897,42,2376.0,0.425,-2.34375,0.15,0.78125,CLOSED_LOOP
1711130161.137178,45,2420.0,0.16,2.34375,0.155,0.78125,CLOSED_LOOP
1711130162.518443,59,2591.0,0.83,3.90625,0.16,0.78125,CLOSED_LOOP
1711130163.808452,64,2854.0,0.15,0.78125,0.165,0.78125,CLOSED_LOOP
1711130165.068071,64,3094.0,0.87,-3.125,0.17,0.78125,CLOSED_LOOP
1711130166.297849,26,2993.0,0.0,0.0,0.165,0.78125,OPEN_LOOP
1711130167.528455,36,2772.0,0.045,5.46875,0.09,0.78125,CLOSED_LOOP
1711130168.817578,54,2822.0,0.115,-0.78125,0.12,0.78125,CLOSED_LOOP
1711130170.078499,55,2979.0,0.825,-1.5625,0.135,0.78125,CLOSED_LOOP
1711130171.307647,61,3171.0,0.8,-1.5625,0.145,0.78125,CLOSED_LOOP
1711130172.537695,26,2736.0,0.005,0.0,0.13,0.78125,CLOSED_LOOP
1711130173.767453,46,1984.0,0.79,0.78125,0.11,0.78125,CLOSED_LOOP
1711130174.968015,62,2067.0,0.19,0.78125,0.13,0.78125,CLOSED_LOOP
1711130176.227728,62,2146.0,0.55,3.125,0.145,0.78125,CLOSED_LOOP
1711130177.53238,53,2214.0,0.915,-5.46875,0.15,0.78125,CLOSED_LOOP
1711130178.747575,52,2212.0,0.11,1.5625,0.15,0.78125,CLOSED_LOOP
1711130180.009507,60,2283.0,0.83,-1.5625,0.155,0.78125,CLOSED_LOOP
1711130181.239712,35,2313.0,0.755,-8.59375,0.155,0.78125,CLOSED_LOOP
1711130182.530318,46,2299.0,0.82,-3.125,0.16,0.78125,CLOSED_LOOP
1711130183.788427,46,2309.0,0.11,-0.78125,0.16,0.78125,CLOSED_LOOP
1711130185.078616,46,2296.0,0.885,-7.03125,0.16,0.78125,CLOSED_LOOP
1711130186.398317,26,2166.0,0.0,0.0,0.025,0.78125,OPEN_LOOP
1711130187.687909,96,3758.0,0.9,-6.25,0.125,0.78125,OPEN_LOOP
1711130188.94868,27,2996.0,0.0,0.0,0.0,0.78125,OPEN_LOOP
1711130190.237742,29,2662.0,0.0,0.0,0.025,0.78125,CLOSED_LOOP
1711130191.559888,46,2611.0,0.79,-0.78125,0.1,0.78125,CLOSED_LOOP
1711130192.90871,40,2673.0,0.85,-7.8125,0.105,0.78125,OPEN_LOOP
1711130194.167907,30,2477.0,0.0,0.0,0.0,0.78125,OPEN_LOOP
1711130195.428553,35,2205.0,0.0,0.0,0.0,0.78125,OPEN_LOOP
1711130196.720142,27,1946.0,0.0,0.0,0.01,0.78125,CLOSED_LOOP
1711130198.039322,52,2009.0,0.88,3.125,0.09,0.78125,CLOSED_LOOP
1711130199.267989,28,2018.0,0.735,-5.46875,0.095,0.78125,CLOSED_LOOP
1711130200.497939,28,1945.0,0.04,2.34375,0.05,0.78125,CLOSED_LOOP
1711130201.727839,54,2131.0,0.9,-1.5625,0.115,0.78125,CLOSED_LOOP
1711130202.928315,27,2121.0,0.08,-4.6875,0.12,0.78125,OPEN_LOOP
1711130204.189055,32,1287.0,0.02,2.34375,0.045,0.78125,CLOSED_LOOP
1711130205.449175,45,1103.0,0.865,-3.90625,0.095,0.78125,CLOSED_LOOP
1711130206.707935,48,990.0,0.06,0.78125,0.11,0.78125,CLOSED_LOOP
1711130207.968872,46,1002.0,0.295,-2.34375,0.115,0.78125,CLOSED_LOOP
1711130209.228616,51,1145.0,0.07,6.25,0.125,0.78125,CLOSED_LOOP
1711130210.489017,35,1260.0,0.89,0.0,0.125,0.78125,CLOSED_LOOP
1711130211.778218,70,1895.0,0.62,3.90625,0.14,0.78125,CLOSED_LOOP
1711130213.038866,80,2222.0,0.83,0.78125,0.16,0.78125,CLOSED_LOOP
1711130214.269105,28,2389.0,0.855,-7.8125,0.15,0.78125,OPEN_LOOP
1711130215.528324,28,1791.0,0.0,0.0,0.0,0.78125,CLOSED_LOOP
1711130216.758978,38,1374.0,0.21,5.46875,0.08,0.78125,CLOSED_LOOP
1711130217.959265,60,1513.0,0.085,7.03125,0.1,0.78125,CLOSED_LOOP
1711130219.158361,83,2693.0,0.12,7.03125,0.145,0.78125,CLOSED_LOOP
1711130220.388598,27,3335.0,0.865,0.0,0.15,0.78125,OPEN_LOOP
1711130221.619403,39,1946.0,0.13,4.6875,0.095,0.78125,CLOSED_LOOP
1711130222.819614,43,2048.0,0.085,0.78125,0.115,0.78125,CLOSED_LOOP
1711130224.0494,44,2070.0,0.62,3.125,0.13,0.78125,CLOSED_LOOP
1711130225.278543,47,2080.0,0.77,1.5625,0.135,0.78125,CLOSED_LOOP
1711130226.539175,59,2229.0,0.775,-4.6875,0.15,0.78125,CLOSED_LOOP
1711130227.798584,78,2520.0,0.1,-2.34375,0.165,0.78125,CLOSED_LOOP
1711130229.088333,82,2848.0,0.72,-4.6875,0.175,0.78125,CLOSED_LOOP
1711130230.319046,82,3126.0,0.74,1.5625,0.185,0.78125,CLOSED_LOOP
1711130231.640422,32,3371.0,0.915,-9.375,0.23,0.78125,OPEN_LOOP
1711130232.900402,44,1872.0,0.755,4.6875,0.12,0.78125,CLOSED_LOOP
1711130234.129291,96,1954.0,0.435,-2.34375,0.165,0.78125,CLOSED_LOOP
1711130235.388639,96,2046.0,0.695,6.25,0.2,0.78125,CLOSED_LOOP
1711130236.648795,96,2160.0,0.14,3.125,0.27,0.78125,CLOSED_LOOP
1711130237.879919,96,2280.0,0.775,0.0,0.415,0.78125,CLOSED_LOOP
1711130239.139985,96,2478.0,0.115,8.59375,0.575,0.78125,CLOSED_LOOP
1711130240.370029,69,2621.0,0.95,-0.78125,0.795,0.78125,CLOSED_LOOP
1711130241.568745,48,2589.0,0.505,-11.71875,0.76,0.78125,CLOSED_LOOP
1711130242.798461,64,2635.0,0.095,-6.25,0.805,0.78125,CLOSED_LOOP
1711130244.028644,65,2715.0,0.365,-5.46875,0.83,0.78125,CLOSED_LOOP
1711130245.228839,31,2664.0,0.83,0.0,0.83,0.78125,OPEN_LOOP
1711130246.458688,40,2524.0,0.755,6.25,0.8,0.78125,CLOSED_LOOP
1711130247.687589,43,2530.0,0.19,0.78125,0.775,0.78125,CLOSED_LOOP
1711130248.918818,56,2547.0,0.56,-2.34375,0.765,0.78125,CLOSED_LOOP
1711130250.178961,60,2584.0,0.155,1.5625,0.755,0.78125,CLOSED_LOOP
1711130251.439451,62,2637.0,0.225,-0.78125,0.745,0.78125,CLOSED_LOOP
1711130252.698472,31,2598.0,0.16,-4.6875,0.74,0.78125,CLOSED_LOOP
1711130254.00727,48,2594.0,0.39,-4.6875,0.735,0.78125,CLOSED_LOOP
1711130255.203718,53,2600.0,0.18,3.90625,0.73,0.78125,CLOSED_LOOP
1711130256.433993,54,2614.0,0.815,-2.34375,0.725,0.78125,CLOSED_LOOP
1711130257.693914,56,2648.0,0.145,0.78125,0.725,0.78125,CLOSED_LOOP
1711130258.893457,57,2685.0,0.645,-3.90625,0.725,0.78125,CLOSED_LOOP
1711130260.094039,42,2672.0,0.055,-3.125,0.72,0.78125,CLOSED_LOOP
1711130261.353882,45,2640.0,0.09,0.78125,0.72,0.78125,CLOSED_LOOP
1711130262.614141,31,2552.0,0.835,-7.8125,0.71,0.78125,OPEN_LOOP
1711130263.844911,29,2503.0,0.035,3.125,0.06,0.78125,CLOSED_LOOP
1711130265.102986,58,2474.0,0.19,0.78125,0.12,0.78125,CLOSED_LOOP
1711130266.333778,60,2531.0,0.895,-7.03125,0.13,0.78125,CLOSED_LOOP
1711130267.534648,30,2420.0,0.0,0.0,0.0,0.78125,CLOSED_LOOP
1711130268.798121,42,2353.0,0.855,0.78125,0.1,0.78125,CLOSED_LOOP
1711130270.053477,34,2326.0,0.845,-4.6875,0.115,0.78125,CLOSED_LOOP
1711130271.283911,25,2207.0,0.0,0.0,0.005,0.78125,OPEN_LOOP
1711130272.544494,27,1976.0,0.0,0.0,0.0,0.78125,CLOSED_LOOP
1711130273.773416,34,3366.0,0.9,0.0,0.1,0.78125,OPEN_LOOP
1711130274.973217,29,2579.0,0.0,0.0,0.0,0.78125,OPEN_LOOP
1711130276.203545,27,1856.0,0.0,0.0,0.0,0.78125,CLOSED_LOOP
1711130277.434067,38,1376.0,0.505,3.90625,0.065,0.78125,CLOSED_LOOP
1711130278.633441,42,1302.0,0.26,0.78125,0.09,0.78125,CLOSED_LOOP
1711130279.863981,58,1557.0,0.775,2.34375,0.11,0.78125,CLOSED_LOOP
1711130281.123159,77,2090.0,0.14,3.125,0.135,0.78125,CLOSED_LOOP
1711130282.353288,32,2392.0,0.69,-4.6875,0.135,0.78125,CLOSED_LOOP
1711130283.614122,45,2508.0,0.36,-3.90625,0.14,0.78125,CLOSED_LOOP
1711130284.876365,48,2602.0,0.805,2.34375,0.145,0.78125,CLOSED_LOOP
1711130286.103978,32,2618.0,0.03,-3.125,0.15,0.78125,CLOSED_LOOP
1711130287.394017,46,2659.0,0.67,-1.5625,0.15,0.78125,CLOSED_LOOP
1711130288.625119,46,2757.0,0.16,0.78125,0.155,0.78125,CLOSED_LOOP
1711130289.8539,47,2844.0,0.905,-4.6875,0.155,0.78125,CLOSED_LOOP
1711130291.143501,30,2621.0,0.0,0.0,0.0,0.78125,OPEN_LOOP
1711130292.464862,28,2190.0,0.0,0.0,0.0,0.78125,OPEN_LOOP
1711130293.663166,29,1929.0,0.0,0.0,0.0,0.78125,OPEN_LOOP
1711130294.893669,42,1846.0,0.175,5.46875,0.085,0.78125,CLOSED_LOOP
1711130296.153227,74,2132.0,0.41,-0.78125,0.115,0.78125,CLOSED_LOOP
1711130297.353327,67,2460.0,0.91,-4.6875,0.12,0.78125,CLOSED_LOOP
1711130298.584911,27,2322.0,0.0,0.0,0.01,0.78125,OPEN_LOOP
1711130299.78396,28,1979.0,0.0,0.0,0.0,0.78125,OPEN_LOOP
1711130301.043702,31,1709.0,0.0,0.0,0.0,0.78125,CLOSED_LOOP
1711130302.243697,32,1470.0,0.86,-0.78125,0.065,0.78125,CLOSED_LOOP
1711130303.532787,39,1252.0,0.655,-2.34375,0.09,0.78125,CLOSED_LOOP
1711130304.793562,59,1243.0,0.065,4.6875,0.085,0.78125,CLOSED_LOOP
1711130306.024133,40,1350.0,0.895,-2.34375,0.105,0.78125,CLOSED_LOOP
1711130307.403302,68,1138.0,0.06,0.0,0.105,0.78125,CLOSED_LOOP
1711130308.693452,69,1564.0,0.1,3.125,0.13,0.78125,CLOSED_LOOP
1711130309.92418,91,2036.0,0.33,7.8125,0.155,0.78125,CLOSED_LOOP
1711130311.183396,92,2630.0,0.21,11.71875,0.165,0.78125,CLOSED_LOOP
1711130312.414158,94,3284.0,0.94,0.0,0.585,0.78125,CLOSED_LOOP
1711130313.654884,26,2688.0,0.0,0.0,0.015,0.78125,CLOSED_LOOP
1711130314.935382,68,2114.0,0.865,5.46875,0.13,0.78125,CLOSED_LOOP
1711130316.163381,78,2264.0,0.78,0.0,0.15,0.78125,CLOSED_LOOP
1711130317.362287,78,2393.0,0.905,3.125,0.165,0.78125,CLOSED_LOOP
1711130318.623458,80,2515.0,0.855,-4.6875,0.17,0.78125,CLOSED_LOOP
1711130319.88361,29,2508.0,0.03,-7.8125,0.165,0.78125,CLOSED_LOOP
1711130321.084173,59,2522.0,0.48,4.6875,0.17,0.78125,CLOSED_LOOP
1711130322.313516,67,2574.0,0.815,-2.34375,0.17,0.78125,CLOSED_LOOP
1711130323.513287,28,2516.0,0.035,-7.03125,0.165,0.78125,CLOSED_LOOP
1711130324.743003,56,2495.0,0.83,0.78125,0.17,0.78125,CLOSED_LOOP
1711130326.034006,51,2508.0,0.9,-3.90625,0.17,0.78125,CLOSED_LOOP
1711130327.325438,35,2438.0,0.85,-7.03125,0.165,0.78125,CLOSED_LOOP
1711130328.583974,27,2273.0,0.0,0.0,0.005,0.78125,OPEN_LOOP
1711130329.843434,29,2127.0,0.89,-2.34375,0.1,0.78125,OPEN_LOOP
1711130331.134436,31,2698.0,0.0,0.0,0.0,0.78125,CLOSED_LOOP
1711130332.393517,42,2771.0,0.86,2.34375,0.095,0.78125,CLOSED_LOOP
1711130333.653853,61,2942.0,0.175,3.90625,0.12,0.78125,CLOSED_LOOP
1711130334.943228,68,3220.0,0.1,5.46875,0.14,0.78125,CLOSED_LOOP
1711130336.203101,25,3163.0,0.01,0.0,0.135,0.78125,CLOSED_LOOP
1711130337.463594,60,2103.0,0.39,9.375,0.11,0.78125,CLOSED_LOOP
1711130338.693286,43,2123.0,0.91,-3.125,0.125,0.78125,CLOSED_LOOP
1711130339.894531,31,2001.0,0.03,-2.34375,0.135,0.78125,CLOSED_LOOP
1711130341.124354,63,2034.0,0.76,1.5625,0.145,0.78125,CLOSED_LOOP
1711130342.353792,67,2090.0,0.88,-2.34375,0.15,0.78125,CLOSED_LOOP
1711130343.583836,28,2103.0,0.04,-4.6875,0.145,0.78125,CLOSED_LOOP
1711130344.813451,59,2017.0,0.425,5.46875,0.155,0.78125,CLOSED_LOOP
1711130346.074187,49,2037.0,0.885,-6.25,0.15,0.78125,CLOSED_LOOP
1711130347.273746,27,1936.0,0.06,-7.03125,0.15,0.78125,CLOSED_LOOP
1711130348.533727,38,1187.0,0.295,2.34375,0.145,0.78125,CLOSED_LOOP
1711130349.794732,43,1031.0,0.625,-6.25,0.145,0.78125,CLOSED_LOOP
1711130351.023588,48,981.0,0.83,-0.78125,0.145,0.78125,CLOSED_LOOP
1711130352.283964,47,945.0,0.075,-1.5625,0.145,0.78125,CLOSED_LOOP
1711130353.543884,46,1002.0,0.8,-3.90625,0.145,0.78125,CLOSED_LOOP
1711130354.833675,62,1068.0,0.03,3.125,0.15,0.78125,CLOSED_LOOP
1711130356.063535,92,2114.0,0.78,6.25,0.17,0.78125,CLOSED_LOOP
1711130357.353424,33,2829.0,0.87,-9.375,0.16,0.78125,OPEN_LOOP
1711130358.673401,30,1953.0,0.0,1.5625,0.035,0.78125,CLOSED_LOOP
1711130359.903249,57,2249.0,0.845,2.34375,0.11,0.78125,CLOSED_LOOP
1711130361.133619,57,2694.0,0.83,-3.125,0.13,0.78125,CLOSED_LOOP
1711130362.363621,51,3120.0,0.865,-0.78125,0.14,0.78125,CLOSED_LOOP
1711130363.564041,26,3134.0,0.09,0.0,0.135,0.78125,OPEN_LOOP
1711130364.793331,42,1838.0,0.055,3.90625,0.075,0.78125,CLOSED_LOOP
1711130366.023805,62,1949.0,0.825,-0.78125,0.12,0.78125,CLOSED_LOOP
1711130367.253268,67,2239.0,0.83,-1.5625,0.14,0.78125,CLOSED_LOOP
1711130368.483654,30,2260.0,0.82,-10.15625,0.14,0.78125,OPEN_LOOP
1711130369.713269,28,1876.0,0.0,0.0,0.0,0.78125,OPEN_LOOP
1711130371.006195,38,1534.0,0.05,3.90625,0.065,0.78125,CLOSED_LOOP
1711130372.293638,59,1572.0,0.1,6.25,0.105,0.78125,CLOSED_LOOP
1711130373.583224,87,1942.0,0.795,-0.78125,0.14,0.78125,CLOSED_LOOP
1711130374.8445,85,2460.0,0.115,-1.5625,0.16,0.78125,CLOSED_LOOP
1711130376.163953,82,2976.0,0.135,1.5625,0.17,0.78125,CLOSED_LOOP
1711130377.484007,29,3030.0,0.06,-7.8125,0.165,0.78125,CLOSED_LOOP
1711130378.713575,60,3170.0,0.91,2.34375,0.17,0.78125,CLOSED_LOOP
1711130379.974102,27,2468.0,0.0,0.0,0.02,0.78125,CLOSED_LOOP
1711130381.263941,75,2022.0,0.13,1.5625,0.13,0.78125,CLOSED_LOOP
1711130382.463877,83,2189.0,0.79,1.5625,0.155,0.78125,CLOSED_LOOP
1711130383.693331,86,2333.0,0.835,1.5625,0.17,0.78125,CLOSED_LOOP
1711130384.953581,31,2367.0,0.9,-4.6875,0.165,0.78125,OPEN_LOOP
1711130386.153825,37,2210.0,0.105,3.90625,0.155,0.78125,CLOSED_LOOP
1711130387.384237,28,2131.0,0.835,-4.6875,0.16,0.78125,OPEN_LOOP
1711130388.643472,90,3116.0,0.08,0.0,0.7,0.78125,OPEN_LOOP
1711130389.843074,31,2026.0,0.0,0.0,0.0,0.78125,OPEN_LOOP
1711130391.073693,27,2098.0,0.0,0.0,0.0,0.78125,OPEN_LOOP
1711130392.333322,38,1203.0,0.06,3.125,0.055,0.78125,CLOSED_LOOP
1711130393.563627,43,1150.0,0.885,-2.34375,0.085,0.78125,CLOSED_LOOP
1711130394.884858,47,988.0,0.06,0.0,0.095,0.78125,CLOSED_LOOP
1711130396.173883,45,991.0,0.785,-3.125,0.11,0.78125,CLOSED_LOOP
1711130397.433686,51,1093.0,0.03,0.78125,0.095,0.78125,CLOSED_LOOP
1711130398.692761,49,1844.0,0.835,-0.78125,0.105,0.78125,CLOSED_LOOP
1711130399.954485,63,1370.0,0.175,3.90625,0.1,0.78125,CLOSED_LOOP
1711130401.214112,46,1003.0,0.07,0.0,0.115,0.78125,CLOSED_LOOP
1711130402.474296,43,1105.0,0.865,-3.90625,0.12,0.78125,CLOSED_LOOP
1711130403.792346,42,916.0,0.71,-6.25,0.12,0.78125,CLOSED_LOOP
1711130404.992684,44,924.0,0.065,-1.5625,0.125,0.78125,CLOSED_LOOP
1711130406.165786,43,949.0,0.795,-6.25,0.125,0.78125,CLOSED_LOOP
1711130407.423305,44,994.0,0.07,0.0,0.135,0.78125,CLOSED_LOOP
1711130408.625016,68,1105.0,0.105,4.6875,0.14,0.78125,CLOSED_LOOP
1711130409.82482,81,1648.0,0.76,0.0,0.15,0.78125,CLOSED_LOOP
1711130411.053143,29,2097.0,0.83,-7.8125,0.15,0.78125,CLOSED_LOOP
1711130412.284047,32,1463.0,0.445,-14.0625,0.145,0.78125,CLOSED_LOOP
1711130413.513587,40,906.0,0.025,-7.03125,0.145,0.78125,CLOSED_LOOP
1711130414.773232,45,1021.0,0.12,-0.78125,0.145,0.78125,CLOSED_LOOP
1711130415.974088,43,901.0,0.06,-0.78125,0.14,0.78125,CLOSED_LOOP
1711130417.264017,42,949.0,0.865,-3.90625,0.145,0.78125,CLOSED_LOOP
1711130418.462802,44,910.0,0.05,-2.34375,0.145,0.78125,CLOSED_LOOP
1711130419.723125,43,934.0,0.85,-3.125,0.145,0.78125,CLOSED_LOOP
1711130420.953637,50,1092.0,0.875,-7.8125,0.165,0.78125,CLOSED_LOOP
1711130422.24288,86,2342.0,0.115,0.0,0.18,0.78125,CLOSED_LOOP
1711130423.533807,63,2029.0,0.82,-6.25,0.19,0.78125,CLOSED_LOOP
1711130424.764764,36,1993.0,0.11,-5.46875,0.175,0.78125,CLOSED_LOOP
1711130426.023478,77,1938.0,0.77,5.46875,0.185,0.78125,CLOSED_LOOP
1711130427.28525,71,3013.0,0.785,-2.34375,0.19,0.78125,CLOSED_LOOP
1711130428.483049,53,3660.0,0.875,8.59375,0.735,0.78125,CLOSED_LOOP
1711130429.684804,94,5400.0,0.885,0.0,0.875,0.78125,OPEN_LOOP
1711130430.913208,28,5846.0,0.0,0.0,0.86,0.78125,OPEN_LOOP
1711130432.11395,23,3472.0,0.0,0.0,0.0,0.78125,OPEN_LOOP
1711130433.434326,22,3314.0,0.0,0.0,0.0,0.78125,OPEN_LOOP
1711130434.723299,24,3011.0,0.0,0.0,0.0,0.78125,OPEN_LOOP
1711130435.923307,27,2724.0,0.0,0.0,0.0,0.78125,OPEN_LOOP
1711130437.094935,27,2384.0,0.0,0.0,0.0,0.78125,OPEN_LOOP
1711130438.323962,26,2103.0,0.0,0.0,0.0,0.78125,OPEN_LOOP
1711130439.583839,27,1841.0,0.0,0.0,0.0,0.78125,OPEN_LOOP
1711130440.873528,33,1194.0,0.04,3.125,0.045,0.78125,CLOSED_LOOP
1711130442.165275,47,1088.0,0.845,3.125,0.08,0.78125,CLOSED_LOOP
1711130443.362898,46,974.0,0.095,4.6875,0.09,0.78125,CLOSED_LOOP
1711130444.593426,40,953.0,0.865,0.0,0.1,0.78125,CLOSED_LOOP
1711130445.854387,53,1771.0,0.765,6.25,0.09,0.78125,CLOSED_LOOP
1711130447.112906,31,1687.0,0.89,-3.90625,0.11,0.78125,CLOSED_LOOP
1711130448.373801,32,1361.0,0.06,-5.46875,0.115,0.78125,CLOSED_LOOP
1711130449.66452,34,1480.0,0.09,0.78125,0.125,0.78125,CLOSED_LOOP
1711130450.864112,47,1819.0,0.875,2.34375,0.135,0.78125,CLOSED_LOOP
1711130452.063648,50,1607.0,0.085,0.0,0.14,0.78125,CLOSED_LOOP
1711130453.294468,51,1569.0,0.315,1.5625,0.14,0.78125,CLOSED_LOOP
1711130454.493099,52,1695.0,0.205,0.0,0.145,0.78125,CLOSED_LOOP
1711130455.723679,55,1860.0,0.74,-2.34375,0.15,0.78125,CLOSED_LOOP
1711130457.01504,62,2561.0,0.24,3.125,0.165,0.78125,CLOSED_LOOP
1711130458.273806,46,3006.0,0.875,-6.25,0.165,0.78125,OPEN_LOOP
1711130459.504908,30,1790.0,0.0,1.5625,0.035,0.78125,CLOSED_LOOP
1711130460.794576,76,1768.0,0.82,3.90625,0.125,0.78125,CLOSED_LOOP
1711130462.085257,33,1897.0,0.875,-5.46875,0.13,0.78125,CLOSED_LOOP
1711130463.376572,30,1665.0,0.13,0.0,0.13,0.78125,CLOSED_LOOP
1711130464.636534,43,1521.0,0.165,7.03125,0.14,0.78125,CLOSED_LOOP
1711130465.92575,49,1496.0,0.795,0.0,0.145,0.78125,CLOSED_LOOP
1711130467.186602,82,1736.0,0.825,3.125,0.16,0.78125,CLOSED_LOOP
1711130468.386721,83,2150.0,0.78,-0.78125,0.18,0.78125,CLOSED_LOOP
1711130469.678277,82,2565.0,0.155,3.90625,0.19,0.78125,CLOSED_LOOP
1711130470.877008,81,2910.0,0.14,1.5625,0.205,0.78125,CLOSED_LOOP
1711130472.106909,32,3141.0,0.875,-8.59375,0.255,0.78125,OPEN_LOOP
1711130473.336343,35,1907.0,0.085,3.90625,0.09,0.78125,CLOSED_LOOP
1711130474.537299,60,1801.0,0.315,0.78125,0.13,0.78125,CLOSED_LOOP
1711130475.797622,63,1798.0,0.065,-1.5625,0.14,0.78125,CLOSED_LOOP
1711130477.027299,74,1884.0,0.19,-1.5625,0.155,0.78125,CLOSED_LOOP
1711130478.25807,78,1973.0,0.755,-4.6875,0.165,0.78125,CLOSED_LOOP
1711130479.488428,83,2089.0,0.32,1.5625,0.18,0.78125,CLOSED_LOOP
1711130480.71784,85,2228.0,0.655,-4.6875,0.19,0.78125,CLOSED_LOOP
1711130481.978682,45,2214.0,0.05,-5.46875,0.18,0.78125,CLOSED_LOOP
1711130483.238194,56,2227.0,0.92,-9.375,0.175,0.78125,CLOSED_LOOP
1711130484.528306,30,2049.0,0.17,3.125,0.17,0.78125,CLOSED_LOOP
1711130485.818957,27,1969.0,0.8,0.0,0.165,0.78125,CLOSED_LOOP
1711130487.078492,44,1848.0,0.715,3.125,0.165,0.78125,CLOSED_LOOP
1711130488.338448,35,1811.0,0.865,-5.46875,0.725,0.78125,OPEN_LOOP
1711130489.599627,27,2677.0,0.0,0.0,0.0,0.78125,OPEN_LOOP
1711130490.859297,28,1999.0,0.0,0.0,0.0,0.78125,OPEN_LOOP
1711130492.119856,32,1558.0,0.02,1.5625,0.025,0.78125,CLOSED_LOOP
1711130493.320185,59,1353.0,0.065,7.03125,0.075,0.78125,CLOSED_LOOP
1711130494.580401,81,1579.0,0.845,6.25,0.115,0.78125,CLOSED_LOOP
1711130495.780315,72,1797.0,0.755,1.5625,0.13,0.78125,CLOSED_LOOP
1711130496.979182,78,2067.0,0.09,2.34375,0.15,0.78125,CLOSED_LOOP
1711130498.18057,79,2409.0,0.83,6.25,0.165,0.78125,CLOSED_LOOP
1711130499.438679,80,2800.0,0.71,2.34375,0.17,0.78125,CLOSED_LOOP
1711130500.669614,31,2846.0,0.83,-3.125,0.165,0.78125,CLOSED_LOOP
1711130501.870368,52,2900.0,0.14,4.6875,0.17,0.78125,CLOSED_LOOP
1711130503.099227,50,3030.0,0.775,10.9375,0.175,0.78125,CLOSED_LOOP
1711130504.329194,52,3134.0,0.87,0.78125,0.18,0.78125,OPEN_LOOP
1711130505.619201,30,1927.0,0.035,3.125,0.085,0.78125,CLOSED_LOOP
1711130506.878779,75,1981.0,0.825,1.5625,0.15,0.78125,CLOSED_LOOP
1711130508.138869,36,2051.0,0.89,-3.125,0.15,0.78125,CLOSED_LOOP
1711130509.36905,26,3316.0,0.0,0.0,0.0,0.78125,OPEN_LOOP
1711130510.660014,30,2342.0,0.0,0.0,0.0,0.78125,OPEN_LOOP
1711130511.918852,30,1700.0,0.0,0.0,0.0,0.78125,CLOSED_LOOP
1711130513.17932,72,1676.0,0.225,3.125,0.105,0.78125,CLOSED_LOOP
1711130514.438592,86,2158.0,0.84,3.90625,0.135,0.78125,CLOSED_LOOP
1711130515.759451,86,2670.0,0.755,6.25,0.15,0.78125,CLOSED_LOOP
1711130516.988564,86,3153.0,0.14,4.6875,0.17,0.78125,CLOSED_LOOP
1711130518.21997,25,3185.0,0.05,0.0,0.155,0.78125,CLOSED_LOOP
1711130519.448456,53,2036.0,0.4,7.03125,0.115,0.78125,CLOSED_LOOP
1711130520.649906,89,2181.0,0.75,0.78125,0.15,0.78125,CLOSED_LOOP
1711130521.879489,91,2344.0,0.74,6.25,0.175,0.78125,CLOSED_LOOP
1711130523.10946,48,2390.0,0.905,-8.59375,0.17,0.78125,CLOSED_LOOP
1711130524.368687,53,2245.0,0.035,-3.125,0.11,0.78125,CLOSED_LOOP
1711130525.628984,84,2281.0,0.115,3.90625,0.145,0.78125,CLOSED_LOOP
1711130526.888719,87,2301.0,0.84,-0.78125,0.16,0.78125,CLOSED_LOOP
1711130528.15008,85,2241.0,0.12,4.6875,0.175,0.78125,CLOSED_LOOP
1711130529.469042,91,2237.0,0.77,0.0,0.2,0.78125,CLOSED_LOOP
1711130530.760445,92,2246.0,0.825,1.5625,0.22,0.78125,CLOSED_LOOP
1711130532.079508,93,2265.0,0.655,5.46875,0.27,0.78125,CLOSED_LOOP
1711130533.368769,52,2210.0,0.915,-7.8125,0.255,0.78125,CLOSED_LOOP
1711130534.779038,41,1950.0,0.115,-2.34375,0.225,0.78125,CLOSED_LOOP
1711130536.009122,45,1758.0,0.875,-4.6875,0.205,0.78125,CLOSED_LOOP
1711130537.299286,34,1466.0,0.805,-10.9375,0.18,0.78125,CLOSED_LOOP
1711130538.558763,50,972.0,0.035,-5.46875,0.165,0.78125,CLOSED_LOOP
1711130539.759943,48,1008.0,0.11,2.34375,0.16,0.78125,CLOSED_LOOP
1711130540.989721,91,1489.0,0.075,3.90625,0.22,0.78125,CLOSED_LOOP
1711130542.218975,95,3048.0,0.88,12.5,0.73,0.78125,CLOSED_LOOP
1711130543.449484,94,4607.0,0.905,0.0,0.835,0.78125,OPEN_LOOP
1711130544.680202,94,5971.0,0.895,0.0,0.89,0.78125,CLOSED_LOOP
1711130545.939551,26,5030.0,0.0,0.0,0.045,0.78125,OPEN_LOOP
1711130547.139183,73,3447.0,0.845,2.34375,0.155,0.78125,CLOSED_LOOP
1711130548.430125,95,3931.0,0.825,2.34375,0.355,0.78125,CLOSED_LOOP
1711130549.660526,94,4433.0,0.83,-0.78125,0.7,0.78125,OPEN_LOOP
1711130550.88978,94,4928.0,0.89,0.0,0.875,0.78125,OPEN_LOOP
1711130552.179717,94,5376.0,0.885,0.0,0.88,0.78125,OPEN_LOOP
1711130553.441169,30,5342.0,0.025,0.0,0.855,0.78125,OPEN_LOOP
1711130554.699632,29,3392.0,0.155,7.03125,0.105,0.78125,CLOSED_LOOP
1711130556.020895,33,3281.0,0.865,0.0,0.13,0.78125,OPEN_LOOP
1711130557.339739,40,2245.0,0.135,5.46875,0.095,0.78125,CLOSED_LOOP
1711130558.541115,59,2240.0,0.385,5.46875,0.125,0.78125,CLOSED_LOOP
1711130559.800357,69,2210.0,0.855,-0.78125,0.14,0.78125,CLOSED_LOOP
1711130561.119922,30,2103.0,0.05,-3.125,0.14,0.78125,CLOSED_LOOP
1711130562.379476,68,2048.0,0.64,7.03125,0.145,0.78125,CLOSED_LOOP
1711130563.669783,76,2027.0,0.26,2.34375,0.155,0.78125,CLOSED_LOOP
1711130564.870046,43,2123.0,0.87,-7.03125,0.285,0.78125,OPEN_LOOP
1711130566.070233,27,2763.0,0.0,0.0,0.04,0.78125,CLOSED_LOOP
1711130567.270506,60,2424.0,0.22,4.6875,0.115,0.78125,CLOSED_LOOP
1711130568.589925,83,2431.0,0.55,-9.375,0.14,0.78125,CLOSED_LOOP
1711130569.879614,28,2269.0,0.05,0.0,0.135,0.78125,CLOSED_LOOP
1711130571.080503,58,2145.0,0.885,3.90625,0.095,0.78125,CLOSED_LOOP
1711130572.28046,28,1935.0,0.835,-3.90625,0.11,0.78125,CLOSED_LOOP
1711130573.570246,49,1811.0,0.115,1.5625,0.125,0.78125,CLOSED_LOOP
1711130574.799579,87,1905.0,0.44,0.0,0.145,0.78125,CLOSED_LOOP
1711130576.09042,91,2092.0,0.82,3.125,0.165,0.78125,CLOSED_LOOP
1711130577.380433,91,2249.0,0.8,2.34375,0.18,0.78125,CLOSED_LOOP
1711130578.610814,91,2453.0,0.4,6.25,0.19,0.78125,CLOSED_LOOP
1711130579.930213,62,2581.0,0.915,-2.34375,0.185,0.78125,CLOSED_LOOP
1711130581.220241,64,2573.0,0.805,1.5625,0.2,0.78125,CLOSED_LOOP
1711130582.629514,78,2653.0,0.88,0.0,0.61,0.78125,CLOSED_LOOP
1711130583.890004,45,2608.0,0.075,2.34375,0.395,0.78125,CLOSED_LOOP
1711130585.150117,28,2491.0,0.01,0.0,0.365,0.78125,CLOSED_LOOP
1711130586.350539,50,2429.0,0.085,5.46875,0.36,0.78125,CLOSED_LOOP
1711130587.610299,80,2513.0,0.06,-0.78125,0.395,0.78125,CLOSED_LOOP
1711130588.840006,90,2596.0,0.18,7.03125,0.625,0.78125,CLOSED_LOOP
1711130590.040343,92,2684.0,0.69,2.34375,0.62,0.78125,CLOSED_LOOP
1711130591.300234,92,2790.0,0.82,5.46875,0.66,0.78125,CLOSED_LOOP
1711130592.620315,92,2846.0,0.59,10.15625,0.695,0.78125,CLOSED_LOOP
1711130593.880538,92,2914.0,0.11,9.375,0.715,0.78125,CLOSED_LOOP
1711130595.139894,92,2974.0,0.62,5.46875,0.73,0.78125,CLOSED_LOOP
1711130596.340047,29,2967.0,0.9,0.0,0.755,0.78125,CLOSED_LOOP
1711130597.629909,85,1955.0,0.065,1.5625,0.745,0.78125,CLOSED_LOOP
1711130598.951404,94,1935.0,0.81,7.03125,0.75,0.78125,CLOSED_LOOP
1711130600.240482,94,1950.0,0.19,2.34375,0.755,0.78125,CLOSED_LOOP
1711130601.470757,94,1950.0,0.795,0.78125,0.75,0.78125,CLOSED_LOOP
1711130602.730304,94,1951.0,0.8,4.6875,0.755,0.78125,CLOSED_LOOP
1711130604.020515,83,1971.0,0.075,1.5625,0.75,0.78125,CLOSED_LOOP
1711130605.221424,89,1971.0,0.125,4.6875,0.75,0.78125,CLOSED_LOOP
1711130606.450066,91,1973.0,0.585,0.0,0.745,0.78125,CLOSED_LOOP
1711130607.650025,91,1987.0,0.875,1.5625,0.75,0.78125,CLOSED_LOOP
1711130608.880159,73,1943.0,0.06,-1.5625,0.75,0.78125,CLOSED_LOOP
1711130610.109753,83,1931.0,0.92,-3.125,0.775,0.78125,CLOSED_LOOP
1711130611.370106,25,3045.0,0.0,0.0,0.265,0.78125,CLOSED_LOOP
1711130612.57001,66,2456.0,0.825,2.34375,0.13,0.78125,CLOSED_LOOP
1711130613.830034,84,2551.0,0.67,-5.46875,0.155,0.78125,CLOSED_LOOP
1711130615.091194,47,2558.0,0.895,-8.59375,0.16,0.78125,CLOSED_LOOP
1711130616.320807,28,2375.0,0.0,0.0,0.01,0.78125,CLOSED_LOOP
1711130617.640661,46,2215.0,0.885,3.125,0.095,0.78125,CLOSED_LOOP
1711130618.900744,27,2210.0,0.33,-4.6875,0.155,0.78125,OPEN_LOOP
1711130620.129646,29,2909.0,0.0,0.0,0.0,0.78125,OPEN_LOOP
1711130621.391323,27,2132.0,0.0,0.0,0.0,0.78125,OPEN_LOOP
1711130622.680844,41,1161.0,0.4,3.125,0.065,0.78125,CLOSED_LOOP
1711130623.969945,42,1110.0,0.84,-7.03125,0.085,0.78125,CLOSED_LOOP
1711130625.26025,82,1584.0,0.04,-3.125,0.1,0.78125,CLOSED_LOOP
1711130626.51988,87,1826.0,0.815,3.125,0.13,0.78125,CLOSED_LOOP
1711130627.750091,71,2884.0,0.865,-1.5625,0.14,0.78125,CLOSED_LOOP
1711130629.010414,34,2825.0,0.065,0.78125,0.14,0.78125,CLOSED_LOOP
1711130630.239716,48,2922.0,0.605,5.46875,0.15,0.78125,CLOSED_LOOP
1711130631.440141,30,3175.0,0.83,-3.125,0.15,0.78125,OPEN_LOOP
1711130632.670814,30,1793.0,0.045,3.125,0.07,0.78125,CLOSED_LOOP
1711130633.870195,65,1893.0,0.135,4.6875,0.12,0.78125,CLOSED_LOOP
1711130635.129984,70,2201.0,0.785,0.78125,0.14,0.78125,CLOSED_LOOP
1711130636.330303,80,2606.0,0.08,7.03125,0.15,0.78125,CLOSED_LOOP
1711130637.530088,90,3133.0,0.625,6.25,0.18,0.78125,CLOSED_LOOP
1711130638.76029,94,3780.0,0.135,0.0,0.285,0.78125,CLOSED_LOOP
1711130640.050788,94,4486.0,0.805,2.34375,0.76,0.78125,OPEN_LOOP
1711130641.310311,94,5109.0,0.88,0.0,0.87,0.78125,OPEN_LOOP
1711130642.569996,94,5686.0,0.89,0.0,0.875,0.78125,OPEN_LOOP
1711130643.860654,93,6203.0,0.89,0.0,0.88,0.78125,OPEN_LOOP
1711130645.122141,80,6107.0,0.64,0.0,0.87,0.78125,OPEN_LOOP
1711130646.380363,23,4034.0,0.11,6.25,0.115,0.78125,CLOSED_LOOP
1711130647.642367,68,4050.0,0.535,-3.125,0.2,0.78125,CLOSED_LOOP
1711130648.899854,90,4141.0,0.715,3.90625,0.625,0.78125,CLOSED_LOOP
1711130650.130149,94,4197.0,0.925,-7.03125,0.76,0.78125,OPEN_LOOP
1711130651.331236,25,2854.0,0.01,1.5625,0.07,0.78125,CLOSED_LOOP
1711130652.590364,89,2792.0,0.745,6.25,0.15,0.78125,CLOSED_LOOP
1711130653.819889,91,2801.0,0.405,5.46875,0.17,0.78125,CLOSED_LOOP
1711130655.0797,91,2800.0,0.79,-3.90625,0.18,0.78125,CLOSED_LOOP
1711130656.310277,29,2682.0,0.165,0.0,0.15,0.78125,CLOSED_LOOP
1711130657.570328,48,2603.0,0.835,0.78125,0.17,0.78125,CLOSED_LOOP
1711130658.770875,28,2506.0,0.295,0.0,0.14,0.78125,CLOSED_LOOP
1711130660.000285,54,2460.0,0.79,3.125,0.11,0.78125,CLOSED_LOOP
1711130661.320327,85,2483.0,0.49,-6.25,0.145,0.78125,CLOSED_LOOP
1711130662.550332,90,2525.0,0.125,-2.34375,0.16,0.78125,CLOSED_LOOP
1711130663.779753,81,2535.0,0.83,-4.6875,0.17,0.78125,CLOSED_LOOP
1711130665.041185,70,2503.0,0.345,-1.5625,0.17,0.78125,CLOSED_LOOP
1711130666.359949,73,2487.0,0.78,0.78125,0.18,0.78125,CLOSED_LOOP
1711130667.680803,82,2476.0,0.815,-2.34375,0.2,0.78125,CLOSED_LOOP
1711130668.940489,84,2468.0,0.205,-6.25,0.22,0.78125,CLOSED_LOOP
1711130670.141957,86,2450.0,0.725,0.0,0.255,0.78125,CLOSED_LOOP
1711130671.340193,87,2434.0,0.805,-3.90625,0.295,0.78125,CLOSED_LOOP
1711130672.570309,88,2423.0,0.79,-3.125,0.345,0.78125,CLOSED_LOOP
1711130673.76989,89,2422.0,0.1,-3.90625,0.4,0.78125,CLOSED_LOOP
1711130674.940147,91,2422.0,0.635,0.0,0.615,0.78125,CLOSED_LOOP
1711130676.202634,91,2433.0,0.145,-3.125,0.575,0.78125,CLOSED_LOOP
1711130677.430229,91,2437.0,0.82,-3.90625,0.61,0.78125,CLOSED_LOOP
1711130678.631255,91,2446.0,0.1,-0.78125,0.65,0.78125,CLOSED_LOOP
1711130679.859764,65,2445.0,0.645,-2.34375,0.56,0.78125,CLOSED_LOOP
1711130681.11997,74,2431.0,0.435,-3.90625,0.585,0.78125,CLOSED_LOOP
1711130682.290416,82,2409.0,0.11,-5.46875,0.69,0.78125,CLOSED_LOOP
1711130683.581262,81,2410.0,0.82,-10.15625,0.68,0.78125,CLOSED_LOOP
1711130684.83977,48,2376.0,0.9,-16.40625,0.725,0.78125,CLOSED_LOOP
1711130686.069542,32,2282.0,0.025,-11.71875,0.695,0.78125,CLOSED_LOOP
1711130687.330823,86,2261.0,0.09,3.90625,0.665,0.78125,CLOSED_LOOP
1711130688.529598,90,2322.0,0.77,0.78125,0.675,0.78125,CLOSED_LOOP
1711130689.760836,66,2342.0,0.865,-6.25,0.655,0.78125,CLOSED_LOOP
1711130690.990014,56,2311.0,0.135,0.78125,0.665,0.78125,CLOSED_LOOP
1711130692.250399,64,2310.0,0.83,0.0,0.665,0.78125,CLOSED_LOOP
1711130693.510001,69,2303.0,0.14,0.78125,0.665,0.78125,CLOSED_LOOP
1711130694.710227,75,2304.0,0.185,-1.5625,0.665,0.78125,CLOSED_LOOP
1711130695.940845,90,2326.0,0.805,0.78125,0.67,0.78125,CLOSED_LOOP
1711130697.170675,90,2346.0,0.78,5.46875,0.67,0.78125,CLOSED_LOOP
1711130698.429485,90,2370.0,0.85,1.5625,0.67,0.78125,CLOSED_LOOP
1711130699.660581,56,2340.0,0.495,-2.34375,0.71,0.78125,CLOSED_LOOP
1711130700.889601,74,2329.0,0.87,-10.9375,0.725,0.78125,CLOSED_LOOP
1711130702.120562,32,2245.0,0.095,0.0,0.735,0.78125,CLOSED_LOOP
1711130703.410175,59,2196.0,0.795,-1.5625,0.78,0.78125,CLOSED_LOOP
1711130704.640553,46,3511.0,0.01,0.0,0.795,0.78125,OPEN_LOOP
1711130705.900179,29,2711.0,0.0,0.0,0.0,0.78125,OPEN_LOOP
1711130707.160223,28,2472.0,0.0,0.0,0.0,0.78125,OPEN_LOOP
1711130708.48015,26,2220.0,0.0,0.0,0.0,0.78125,OPEN_LOOP
1711130709.800382,94,3811.0,0.89,0.0,0.1,0.78125,OPEN_LOOP
1711130711.060426,26,2870.0,0.0,0.0,0.0,0.78125,OPEN_LOOP
1711130712.32019,27,2398.0,0.0,0.0,0.0,0.78125,OPEN_LOOP
1711130713.670193,26,2091.0,0.0,0.0,0.01,0.78125,CLOSED_LOOP
1711130714.870381,50,2119.0,0.855,1.5625,0.09,0.78125,CLOSED_LOOP
1711130716.100006,26,2136.0,0.085,0.0,0.105,0.78125,OPEN_LOOP
1711130717.331335,26,1978.0,0.005,1.5625,0.035,0.78125,CLOSED_LOOP
1711130718.559897,60,1959.0,0.1,3.125,0.11,0.78125,CLOSED_LOOP
1711130719.790424,70,2106.0,0.72,8.59375,0.125,0.78125,CLOSED_LOOP
1711130720.993231,92,2508.0,0.08,14.84375,0.11,0.78125,CLOSED_LOOP
1711130722.280894,94,3150.0,0.835,4.6875,0.2,0.78125,CLOSED_LOOP
1711130723.480109,94,3693.0,0.305,-1.5625,0.255,0.78125,CLOSED_LOOP
1711130724.710212,26,3916.0,0.765,0.0,0.385,0.78125,OPEN_LOOP
1711130726.031218,30,2308.0,0.0,0.0,0.0,0.78125,CLOSED_LOOP
1711130727.290046,42,2189.0,0.755,3.125,0.09,0.78125,CLOSED_LOOP
1711130728.490988,39,2109.0,0.835,-4.6875,0.105,0.78125,OPEN_LOOP
1711130729.750124,25,1934.0,0.25,0.78125,0.11,0.78125,CLOSED_LOOP
1711130731.041033,36,1324.0,0.825,-0.78125,0.115,0.78125,CLOSED_LOOP
1711130732.33047,41,958.0,0.055,-0.78125,0.12,0.78125,CLOSED_LOOP
1711130733.590752,42,1061.0,0.825,-2.34375,0.12,0.78125,CLOSED_LOOP
1711130734.819728,44,1011.0,0.815,-3.125,0.125,0.78125,CLOSED_LOOP
1711130736.081852,68,2494.0,0.0,0.0,0.0,0.78125,CLOSED_LOOP
1711130737.370532,40,1296.0,0.83,0.78125,0.08,0.78125,CLOSED_LOOP
1711130738.659793,40,1505.0,0.06,3.90625,0.08,0.78125,CLOSED_LOOP
1711130739.890278,80,2042.0,0.76,3.90625,0.135,0.78125,CLOSED_LOOP
1711130741.17978,87,3482.0,0.895,-2.34375,0.15,0.78125,OPEN_LOOP
1711130742.530076,29,2322.0,0.0,0.78125,0.025,0.78125,CLOSED_LOOP
1711130743.760756,92,2179.0,0.12,7.8125,0.135,0.78125,CLOSED_LOOP
1711130744.990062,93,2817.0,0.795,11.71875,0.18,0.78125,CLOSED_LOOP
1711130746.281307,91,3323.0,0.89,-5.46875,0.195,0.78125,OPEN_LOOP
1711130747.510403,31,2251.0,0.015,1.5625,0.07,0.78125,CLOSED_LOOP
1711130748.829309,94,2226.0,0.505,2.34375,0.145,0.78125,CLOSED_LOOP
1711130750.090778,94,2467.0,0.41,12.5,0.175,0.78125,CLOSED_LOOP
1711130751.381356,94,2706.0,0.29,13.28125,0.195,0.78125,CLOSED_LOOP
1711130752.580171,94,2948.0,0.76,8.59375,0.255,0.78125,CLOSED_LOOP
1711130753.870063,94,3202.0,0.21,3.125,0.505,0.78125,CLOSED_LOOP
1711130755.190873,94,3426.0,0.905,1.5625,0.515,0.78125,OPEN_LOOP
1711130756.450169,26,2596.0,0.0,0.78125,0.39,0.78125,CLOSED_LOOP
1711130757.680134,94,2413.0,0.265,7.8125,0.18,0.78125,CLOSED_LOOP
1711130758.91055,94,2497.0,0.315,7.8125,0.205,0.78125,CLOSED_LOOP
1711130760.230491,94,2576.0,0.82,10.9375,0.245,0.78125,CLOSED_LOOP
1711130761.430772,94,2650.0,0.3,14.84375,0.32,0.78125,CLOSED_LOOP
1711130762.659846,94,2738.0,0.18,12.5,0.495,0.78125,CLOSED_LOOP
1711130763.890302,94,2813.0,0.18,11.71875,0.68,0.78125,CLOSED_LOOP
1711130765.090508,94,2887.0,0.75,8.59375,0.705,0.78125,CLOSED_LOOP
1711130766.319467,94,2943.0,0.79,8.59375,0.735,0.78125,CLOSED_LOOP
1711130767.550158,63,2934.0,0.915,-1.5625,0.8,0.78125,CLOSED_LOOP
1711130768.899453,77,2859.0,0.29,-5.46875,0.79,0.78125,CLOSED_LOOP
1711130770.15971,84,2832.0,0.09,-0.78125,0.8,0.78125,CLOSED_LOOP
1711130771.389055,86,2809.0,0.445,-4.6875,0.785,0.78125,CLOSED_LOOP
1711130772.650134,44,2743.0,0.885,-7.8125,0.795,0.78125,CLOSED_LOOP
1711130773.909773,61,2663.0,0.155,4.6875,0.795,0.78125,CLOSED_LOOP
1711130775.109836,82,2651.0,0.835,-1.5625,0.795,0.78125,CLOSED_LOOP
1711130776.400379,85,2628.0,0.1,-0.78125,0.79,0.78125,CLOSED_LOOP
1711130777.691231,85,2612.0,0.835,-3.125,0.8,0.78125,CLOSED_LOOP
1711130778.949889,55,2575.0,0.08,1.5625,0.785,0.78125,CLOSED_LOOP
1711130780.239988,83,2551.0,0.835,-2.34375,0.785,0.78125,CLOSED_LOOP
1711130781.500775,87,2530.0,0.075,0.78125,0.785,0.78125,CLOSED_LOOP
1711130782.790045,89,2528.0,0.115,-0.78125,0.795,0.78125,CLOSED_LOOP
1711130784.081931,90,2536.0,0.225,-3.125,0.785,0.78125,CLOSED_LOOP
1711130785.28034,90,2528.0,0.82,-2.34375,0.78,0.78125,CLOSED_LOOP
1711130786.509737,89,2505.0,0.16,-3.90625,0.78,0.78125,CLOSED_LOOP
1711130787.771208,68,2453.0,0.62,3.125,0.81,0.78125,CLOSED_LOOP
1711130788.969881,83,2416.0,0.84,-4.6875,0.79,0.78125,CLOSED_LOOP
1711130790.200073,64,2361.0,0.885,-9.375,0.795,0.78125,CLOSED_LOOP
1711130791.429688,30,2235.0,0.81,-12.5,0.79,0.78125,OPEN_LOOP
1711130792.659825,25,1801.0,0.835,-1.5625,0.805,0.78125,OPEN_LOOP
1711130793.890084,31,2575.0,0.0,0.0,0.005,0.78125,CLOSED_LOOP
1711130795.240652,48,2327.0,0.835,3.125,0.105,0.78125,CLOSED_LOOP
1711130796.470327,64,2245.0,0.71,-1.5625,0.13,0.78125,CLOSED_LOOP
1711130797.700915,62,2195.0,0.82,-2.34375,0.14,0.78125,CLOSED_LOOP
1711130798.96005,33,2178.0,0.89,-7.8125,0.17,0.78125,OPEN_LOOP
1711130800.251157,28,2908.0,0.265,3.90625,0.09,0.78125,CLOSED_LOOP
1711130801.480544,57,2768.0,0.87,-2.34375,0.12,0.78125,CLOSED_LOOP
1711130802.740132,45,2547.0,0.065,1.5625,0.125,0.78125,CLOSED_LOOP
1711130804.000333,71,2554.0,0.795,0.78125,0.145,0.78125,CLOSED_LOOP
1711130805.259919,61,2598.0,0.885,-3.90625,0.145,0.78125,CLOSED_LOOP
1711130806.549496,64,2502.0,0.805,1.5625,0.16,0.78125,CLOSED_LOOP
1711130807.840289,87,2773.0,0.13,5.46875,0.175,0.78125,CLOSED_LOOP
1711130809.040279,91,3064.0,0.83,10.9375,0.2,0.78125,CLOSED_LOOP
1711130810.330562,93,3461.0,0.82,-1.5625,0.27,0.78125,CLOSED_LOOP
1711130811.559494,93,3815.0,0.79,-3.125,0.55,0.78125,CLOSED_LOOP
1711130812.790761,93,4162.0,0.315,-1.5625,0.73,0.78125,CLOSED_LOOP
1711130814.019852,93,4488.0,0.14,-0.78125,0.785,0.78125,CLOSED_LOOP
1711130815.249302,93,4792.0,0.9,-6.25,0.855,0.78125,OPEN_LOOP
1711130816.479342,23,3444.0,0.0,0.0,0.1,0.78125,CLOSED_LOOP
1711130817.801038,93,2726.0,0.125,14.84375,0.135,0.78125,CLOSED_LOOP
1711130819.060293,38,2618.0,0.91,3.90625,0.15,0.78125,CLOSED_LOOP
1711130820.291311,75,2419.0,0.845,-1.5625,0.45,0.78125,CLOSED_LOOP
1711130821.550088,94,2329.0,0.815,3.90625,0.52,0.78125,CLOSED_LOOP
1711130822.809756,94,2302.0,0.63,5.46875,0.665,0.78125,CLOSED_LOOP
1711130824.100958,94,2289.0,0.17,4.6875,0.695,0.78125,CLOSED_LOOP
1711130825.360268,94,2291.0,0.135,3.125,0.7,0.78125,CLOSED_LOOP
1711130826.619825,94,2312.0,0.705,0.0,0.675,0.78125,CLOSED_LOOP
1711130827.881384,94,2350.0,0.78,7.03125,0.71,0.78125,CLOSED_LOOP
1711130829.109951,94,2388.0,0.285,0.0,0.745,0.78125,OPEN_LOOP
1711130830.343557,93,2486.0,0.82,0.0,0.775,0.78125,OPEN_LOOP
1711130831.54018,93,2598.0,0.07,0.0,0.735,0.78125,OPEN_LOOP
1711130832.770539,93,2761.0,0.09,0.0,0.735,0.78125,OPEN_LOOP
1711130833.999856,93,2943.0,0.685,0.0,0.755,0.78125,CLOSED_LOOP
1711130835.229661,49,2983.0,0.905,-7.03125,0.775,0.78125,OPEN_LOOP
1711130836.490795,35,2759.0,0.05,2.34375,0.73,0.78125,CLOSED_LOOP
1711130837.750457,52,2669.0,0.905,1.5625,0.72,0.78125,CLOSED_LOOP
1711130839.010279,83,2658.0,0.035,-0.78125,0.645,0.78125,CLOSED_LOOP
1711130840.269265,38,2680.0,0.89,-5.46875,0.385,0.78125,OPEN_LOOP
1711130841.530186,31,1584.0,0.085,2.34375,0.115,0.78125,CLOSED_LOOP
1711130842.760447,32,2063.0,0.0,0.0,0.005,0.78125,CLOSED_LOOP
1711130844.079618,40,2494.0,0.845,-2.34375,0.1,0.78125,CLOSED_LOOP
1711130845.430302,30,1622.0,0.02,2.34375,0.035,0.78125,CLOSED_LOOP
1711130846.659811,34,1652.0,0.76,-1.5625,0.095,0.78125,CLOSED_LOOP
1711130847.950442,41,1172.0,0.875,-2.34375,0.105,0.78125,CLOSED_LOOP
1711130849.270474,44,1006.0,0.065,-2.34375,0.115,0.78125,CLOSED_LOOP
1711130850.530862,54,1355.0,0.045,2.34375,0.12,0.78125,CLOSED_LOOP
1711130851.761169,39,1405.0,0.83,-3.125,0.125,0.78125,CLOSED_LOOP
1711130853.019697,94,1601.0,0.875,0.0,0.245,0.78125,OPEN_LOOP
1711130854.250208,93,3316.0,0.875,0.0,0.765,0.78125,OPEN_LOOP
1711130855.450315,92,5017.0,0.86,0.0,0.855,0.78125,OPEN_LOOP
1711130856.710614,92,6454.0,0.04,0.0,0.51,0.78125,OPEN_LOOP
1711130857.911114,27,4798.0,0.0,0.0,0.0,0.78125,OPEN_LOOP
1711130859.110384,36,3414.0,0.75,0.0,0.125,0.78125,OPEN_LOOP
1711130860.400586,93,4058.0,0.835,0.0,0.79,0.78125,OPEN_LOOP
1711130861.68949,92,4655.0,0.895,0.0,0.88,0.78125,OPEN_LOOP
1711130862.980122,92,5155.0,0.865,0.0,0.86,0.78125,OPEN_LOOP
1711130864.300225,92,5593.0,0.87,0.0,0.86,0.78125,OPEN_LOOP
1711130865.619929,92,5943.0,0.87,0.0,0.865,0.78125,OPEN_LOOP
1711130866.911379,92,6188.0,0.89,-3.125,0.9,0.78125,OPEN_LOOP
1711130868.230414,25,4325.0,0.02,2.34375,0.215,0.78125,OPEN_LOOP
1711130869.490215,93,3996.0,0.835,0.0,0.805,0.78125,OPEN_LOOP
1711130870.780043,93,4271.0,0.845,0.0,0.83,0.78125,OPEN_LOOP
1711130872.042634,92,4543.0,0.885,0.0,0.885,0.78125,OPEN_LOOP
1711130873.300539,57,4661.0,0.0,0.0,0.89,0.78125,OPEN_LOOP
1711130874.591333,21,4440.0,0.0,0.0,0.025,0.78125,CLOSED_LOOP
1711130875.821176,52,4353.0,0.885,-2.34375,0.125,0.78125,OPEN_LOOP
1711130877.080854,25,3109.0,0.05,3.90625,0.07,0.78125,CLOSED_LOOP
1711130878.310144,50,3001.0,0.135,5.46875,0.12,0.78125,CLOSED_LOOP
1711130879.509867,58,2957.0,0.805,-3.125,0.135,0.78125,CLOSED_LOOP
1711130880.740555,62,2918.0,0.645,-2.34375,0.145,0.78125,CLOSED_LOOP
1711130881.999875,53,2843.0,0.89,-7.8125,0.15,0.78125,CLOSED_LOOP
1711130883.259762,56,2742.0,0.83,-1.5625,0.155,0.78125,CLOSED_LOOP
1711130884.520161,79,2699.0,0.125,-5.46875,0.165,0.78125,CLOSED_LOOP
1711130885.781581,82,2686.0,0.83,-9.375,0.185,0.78125,CLOSED_LOOP
1711130887.070561,83,2698.0,0.715,-8.59375,0.235,0.78125,CLOSED_LOOP
1711130888.361005,85,2694.0,0.1,-0.78125,0.26,0.78125,CLOSED_LOOP
1711130889.619873,33,2605.0,0.115,-7.03125,0.36,0.78125,CLOSED_LOOP
1711130890.879011,82,2561.0,0.125,3.125,0.725,0.78125,CLOSED_LOOP
1711130892.080451,90,2536.0,0.81,0.78125,0.685,0.78125,CLOSED_LOOP
1711130893.340068,91,2515.0,0.835,1.5625,0.75,0.78125,CLOSED_LOOP
1711130894.569566,30,2352.0,0.83,-10.15625,0.755,0.78125,OPEN_LOOP
1711130895.800124,28,2177.0,0.0,0.0,0.5,0.78125,CLOSED_LOOP
1711130896.999715,82,3109.0,0.0,0.0,0.005,0.78125,OPEN_LOOP
1711130898.231012,29,2469.0,0.0,0.0,0.0,0.78125,OPEN_LOOP
1711130899.429436,44,2175.0,0.06,6.25,0.08,0.78125,CLOSED_LOOP
1711130900.629422,76,2280.0,0.81,2.34375,0.12,0.78125,CLOSED_LOOP
1711130901.799643,76,2380.0,0.435,3.90625,0.14,0.78125,CLOSED_LOOP
1711130903.030936,62,2440.0,0.675,-5.46875,0.14,0.78125,CLOSED_LOOP
1711130904.230683,64,2430.0,0.625,3.125,0.155,0.78125,CLOSED_LOOP
1711130905.430335,80,2512.0,0.055,-3.90625,0.165,0.78125,CLOSED_LOOP
1711130906.629398,87,2592.0,0.825,0.78125,0.175,0.78125,CLOSED_LOOP
1711130907.892617,91,2694.0,0.145,6.25,0.185,0.78125,CLOSED_LOOP
1711130909.09071,91,2805.0,0.14,8.59375,0.19,0.78125,CLOSED_LOOP
1711130910.381885,91,2919.0,0.045,0.0,0.2,0.78125,OPEN_LOOP
1711130911.610245,93,3061.0,0.795,0.0,0.205,0.78125,OPEN_LOOP
1711130912.870937,93,3255.0,0.875,0.0,0.805,0.78125,OPEN_LOOP
1711130914.160641,93,3447.0,0.89,-7.8125,0.865,0.78125,OPEN_LOOP
1711130915.420682,22,3301.0,0.02,1.5625,0.86,0.78125,CLOSED_LOOP
1711130916.650758,39,3254.0,0.22,8.59375,0.815,0.78125,CLOSED_LOOP
1711130917.853606,41,3212.0,0.145,7.03125,0.79,0.78125,CLOSED_LOOP
1711130919.110077,31,3147.0,0.825,0.0,0.78,0.78125,CLOSED_LOOP
1711130920.310694,38,3073.0,0.81,6.25,0.77,0.78125,CLOSED_LOOP
1711130921.481058,41,3008.0,0.12,6.25,0.76,0.78125,CLOSED_LOOP
1711130922.709981,48,2950.0,0.825,0.78125,0.755,0.78125,CLOSED_LOOP
1711130923.880573,52,2885.0,0.665,-2.34375,0.75,0.78125,CLOSED_LOOP
1711130925.080425,55,2797.0,0.415,2.34375,0.745,0.78125,CLOSED_LOOP
1711130926.311041,63,2729.0,0.77,3.125,0.765,0.78125,CLOSED_LOOP
1711130927.54034,80,2694.0,0.075,-4.6875,0.755,0.78125,CLOSED_LOOP
1711130928.74028,39,2577.0,0.87,-13.28125,0.785,0.78125,CLOSED_LOOP
1711130930.030786,30,2258.0,0.0,0.0,0.775,0.78125,CLOSED_LOOP
1711130931.260133,66,2187.0,0.83,5.46875,0.71,0.78125,CLOSED_LOOP
1711130932.46179,82,2312.0,0.22,4.6875,0.695,0.78125,CLOSED_LOOP
1711130933.720602,72,2473.0,0.01,0.0,0.68,0.78125,CLOSED_LOOP
1711130934.921497,60,2521.0,0.09,4.6875,0.675,0.78125,CLOSED_LOOP
1711130936.121681,80,2678.0,0.69,-2.34375,0.67,0.78125,CLOSED_LOOP
1711130937.350514,86,2878.0,0.315,7.03125,0.67,0.78125,CLOSED_LOOP
1711130938.521082,45,2989.0,0.89,-7.8125,0.67,0.78125,CLOSED_LOOP
1711130939.750025,45,2942.0,0.615,5.46875,0.675,0.78125,CLOSED_LOOP
1711130940.980846,60,3001.0,0.075,3.125,0.68,0.78125,CLOSED_LOOP
1711130942.210234,81,3097.0,0.88,-3.90625,0.665,0.78125,OPEN_LOOP
1711130943.44013,26,2271.0,0.0,0.0,0.59,0.78125,CLOSED_LOOP
1711130944.640334,54,2156.0,0.74,7.03125,0.12,0.78125,CLOSED_LOOP
1711130945.870474,60,2168.0,0.125,4.6875,0.145,0.78125,CLOSED_LOOP
1711130947.071366,61,2208.0,0.815,0.78125,0.155,0.78125,CLOSED_LOOP
1711130948.299835,58,2252.0,0.9,-0.78125,0.16,0.78125,CLOSED_LOOP
1711130949.50044,26,2035.0,0.265,0.78125,0.19,0.78125,OPEN_LOOP
1711130950.701362,25,2799.0,0.0,0.0,0.0,0.78125,OPEN_LOOP
1711130951.960079,38,2760.0,0.7,7.03125,0.1,0.78125,CLOSED_LOOP
1711130953.250768,70,2834.0,0.86,-2.34375,0.13,0.78125,CLOSED_LOOP
1711130954.48076,74,2960.0,0.535,-10.15625,0.145,0.78125,CLOSED_LOOP
1711130955.740146,27,3008.0,0.035,-9.375,0.15,0.78125,CLOSED_LOOP
1711130957.03146,49,2989.0,0.635,6.25,0.155,0.78125,CLOSED_LOOP
1711130958.321418,52,3017.0,0.87,-2.34375,0.155,0.78125,OPEN_LOOP
1711130959.580342,27,2910.0,0.0,0.0,0.0,0.78125,CLOSED_LOOP
1711130960.841333,36,2843.0,0.775,3.125,0.1,0.78125,CLOSED_LOOP
1711130962.040297,45,2824.0,0.115,3.125,0.12,0.78125,CLOSED_LOOP
1711130963.210217,53,2855.0,0.74,0.0,0.135,0.78125,CLOSED_LOOP
1711130964.440901,54,2906.0,0.765,3.90625,0.145,0.78125,CLOSED_LOOP
1711130965.640336,33,2930.0,0.06,-7.03125,0.145,0.78125,CLOSED_LOOP
1711130966.810172,49,2962.0,0.805,0.78125,0.12,0.78125,CLOSED_LOOP
1711130968.04155,51,3023.0,0.69,7.8125,0.135,0.78125,CLOSED_LOOP
1711130969.241297,51,3081.0,0.735,-3.90625,0.145,0.78125,CLOSED_LOOP
1711130970.440414,32,3102.0,0.62,-3.90625,0.145,0.78125,CLOSED_LOOP
1711130971.671405,25,3088.0,0.75,0.0,0.145,0.78125,CLOSED_LOOP
1711130972.991214,38,3013.0,0.805,5.46875,0.11,0.78125,CLOSED_LOOP
1711130974.160822,35,3017.0,0.87,0.0,0.125,0.78125,OPEN_LOOP
1711130975.391242,27,2900.0,0.0,0.0,0.0,0.78125,OPEN_LOOP
1711130976.710724,27,2591.0,0.0,0.0,0.0,0.78125,OPEN_LOOP
1711130977.940214,26,2295.0,0.0,0.0,0.0,0.78125,OPEN_LOOP
1711130979.200778,30,2603.0,0.91,0.0,0.095,0.78125,OPEN_LOOP
1711130980.490017,29,2781.0,0.0,0.0,0.0,0.78125,OPEN_LOOP
1711130981.750036,27,2075.0,0.0,0.0,0.0,0.78125,OPEN_LOOP
1711130983.010113,36,1745.0,0.04,3.125,0.04,0.78125,CLOSED_LOOP
1711130984.240312,70,1705.0,0.78,3.90625,0.105,0.78125,CLOSED_LOOP
1711130985.440156,65,2036.0,0.09,3.125,0.125,0.78125,CLOSED_LOOP
1711130986.670259,31,2241.0,0.86,-3.125,0.13,0.78125,CLOSED_LOOP
1711130987.960154,26,2184.0,0.0,0.0,0.0,0.78125,OPEN_LOOP
1711130989.189879,26,2079.0,0.0,0.0,0.0,0.78125,OPEN_LOOP
1711130990.451712,25,2020.0,0.0,0.0,0.0,0.78125,OPEN_LOOP
1711130991.680591,26,1918.0,0.0,0.0,0.0,0.78125,OPEN_LOOP
1711130992.880734,43,1745.0,0.545,4.6875,0.1,0.78125,CLOSED_LOOP
1711130994.140485,72,2519.0,0.83,-1.5625,0.115,0.78125,CLOSED_LOOP
1711130995.430671,45,2826.0,0.85,-0.78125,0.13,0.78125,CLOSED_LOOP
1711130996.690095,54,3162.0,0.78,1.5625,0.14,0.78125,CLOSED_LOOP
1711130997.980689,24,3308.0,0.0,0.0,0.0,0.78125,OPEN_LOOP
1711130999.360912,23,3226.0,0.0,0.0,0.0,0.78125,OPEN_LOOP
1711131000.620826,25,2839.0,0.0,0.0,0.0,0.78125,OPEN_LOOP
1711131001.850436,35,1346.0,0.04,3.90625,0.05,0.78125,CLOSED_LOOP
1711131003.110549,40,1022.0,0.405,-3.125,0.085,0.78125,CLOSED_LOOP
1711131004.311396,44,1004.0,0.145,3.125,0.1,0.78125,CLOSED_LOOP
1711131005.569718,43,979.0,0.065,1.5625,0.11,0.78125,CLOSED_LOOP
1711131006.830048,43,1039.0,0.82,0.0,0.12,0.78125,CLOSED_LOOP
1711131008.031343,50,999.0,0.04,4.6875,0.055,0.78125,CLOSED_LOOP
1711131009.259748,66,1405.0,0.065,10.15625,0.085,0.78125,CLOSED_LOOP
1711131010.49093,46,2088.0,0.895,4.6875,0.12,0.78125,CLOSED_LOOP
1711131011.779533,25,1870.0,0.41,0.0,0.125,0.78125,CLOSED_LOOP
1711131012.950132,39,1447.0,0.78,0.0,0.13,0.78125,CLOSED_LOOP
1711131014.23974,31,1383.0,0.35,1.5625,0.135,0.78125,CLOSED_LOOP
1711131015.471328,35,1261.0,0.77,-6.25,0.14,0.78125,CLOSED_LOOP
1711131016.699854,37,1208.0,0.845,-5.46875,0.14,0.78125,CLOSED_LOOP
1711131017.961966,92,1411.0,0.855,0.0,0.175,0.78125,OPEN_LOOP
1711131019.250074,93,2238.0,0.84,0.0,0.705,0.78125,OPEN_LOOP
1711131020.5411,93,3147.0,0.865,0.0,0.785,0.78125,OPEN_LOOP
1711131021.830378,92,4041.0,0.84,0.0,0.84,0.78125,OPEN_LOOP
1711131023.061104,92,4905.0,0.87,0.0,0.86,0.78125,OPEN_LOOP
1711131024.29094,92,5447.0,0.0,0.0,0.88,0.78125,OPEN_LOOP
1711131025.670398,23,5155.0,0.0,0.0,0.0,0.78125,OPEN_LOOP
1711131026.930208,21,4496.0,0.0,0.0,0.0,0.78125,OPEN_LOOP
1711131028.220263,19,4249.0,0.0,0.0,0.0,0.78125,OPEN_LOOP
1711131029.511445,20,4074.0,0.0,0.0,0.0,0.78125,OPEN_LOOP
1711131030.709856,21,3956.0,0.0,0.0,0.0,0.78125,OPEN_LOOP
1711131031.940014,21,3815.0,0.0,0.0,0.0,0.78125,OPEN_LOOP
1711131033.200598,21,3758.0,0.0,0.0,0.0,0.78125,OPEN_LOOP
1711131034.43069,26,2214.0,0.0,0.0,0.0,0.78125,OPEN_LOOP
1711131035.630291,28,2447.0,0.025,2.34375,0.04,0.78125,CLOSED_LOOP
1711131036.859858,34,2527.0,0.84,0.0,0.095,0.78125,OPEN_LOOP
1711131038.090198,27,2484.0,0.0,0.0,0.0,0.78125,OPEN_LOOP
1711131039.349982,26,2424.0,0.0,0.0,0.0,0.78125,OPEN_LOOP
1711131040.64106,25,2310.0,0.0,0.0,0.0,0.78125,OPEN_LOOP
1711131041.89969,25,2188.0,0.0,0.0,0.0,0.78125,OPEN_LOOP
1711131043.162737,25,2098.0,0.0,0.0,0.0,0.78125,OPEN_LOOP
1711131044.420768,25,2066.0,0.0,0.0,0.0,0.78125,OPEN_LOOP
1711131045.649996,93,3186.0,0.91,-5.46875,0.09,0.78125,OPEN_LOOP
1711131046.909709,22,3215.0,0.0,0.0,0.0,0.78125,OPEN_LOOP
1711131048.201319,23,3079.0,0.0,0.0,0.0,0.78125,OPEN_LOOP
1711131049.460422,24,2993.0,0.0,0.0,0.0,0.78125,OPEN_LOOP
1711131050.720939,25,2931.0,0.0,0.0,0.0,0.78125,OPEN_LOOP
1711131051.950606,25,2918.0,0.0,0.0,0.0,0.78125,OPEN_LOOP
1711131053.180443,25,2898.0,0.0,0.0,0.0,0.78125,OPEN_LOOP
1711131054.380174,25,2927.0,0.0,0.0,0.0,0.78125,OPEN_LOOP
1711131055.610058,25,2955.0,0.0,0.0,0.0,0.78125,OPEN_LOOP
1711131056.839551,25,2989.0,0.0,0.0,0.0,0.78125,OPEN_LOOP
1711131058.040844,24,3032.0,0.0,0.0,0.0,0.78125,OPEN_LOOP
1711131059.301958,24,3083.0,0.0,0.0,0.0,0.78125,OPEN_LOOP
1711131060.530237,23,3135.0,0.0,0.0,0.0,0.78125,OPEN_LOOP
1711131061.760229,23,3211.0,0.0,0.0,0.0,0.78125,OPEN_LOOP
1711131063.020795,22,3274.0,0.0,0.0,0.0,0.78125,OPEN_LOOP
1711131064.309764,26,2328.0,0.0,0.0,0.0,0.78125,CLOSED_LOOP
1711131065.540343,25,2071.0,0.03,0.0,0.035,0.78125,OPEN_LOOP
1711131066.80028,28,1719.0,0.0,0.0,0.0,0.78125,OPEN_LOOP
1711131068.150127,34,1319.0,0.01,1.5625,0.025,0.78125,CLOSED_LOOP
1711131069.380919,35,1252.0,0.205,5.46875,0.08,0.78125,CLOSED_LOOP
1711131070.671461,94,1461.0,0.83,0.0,0.125,0.78125,OPEN_LOOP
1711131071.900671,94,1893.0,0.885,0.0,0.625,0.78125,OPEN_LOOP
1711131073.099688,93,2323.0,0.86,0.0,0.78,0.78125,OPEN_LOOP
1711131074.359828,93,2784.0,0.055,0.0,0.74,0.78125,OPEN_LOOP
1711131075.590203,93,3254.0,0.905,0.0,0.84,0.78125,OPEN_LOOP
1711131076.790831,93,3707.0,0.88,0.0,0.865,0.78125,OPEN_LOOP
1711131077.989789,93,4164.0,0.855,0.0,0.86,0.78125,OPEN_LOOP
1711131079.221944,92,4590.0,0.92,0.0,0.9,0.78125,OPEN_LOOP
1711131080.450306,92,4970.0,0.885,0.0,0.875,0.78125,OPEN_LOOP
1711131081.649767,92,5327.0,0.895,0.0,0.875,0.78125,OPEN_LOOP
1711131082.911318,92,5721.0,0.895,0.0,0.88,0.78125,OPEN_LOOP
1711131084.229694,92,6098.0,0.9,0.0,0.885,0.78125,OPEN_LOOP
1711131085.45964,92,6438.0,0.895,0.0,0.855,0.78125,OPEN_LOOP
1711131086.750072,27,5572.0,0.0,0.0,0.005,0.78125,OPEN_LOOP
1711131088.011694,91,4802.0,0.9,0.0,0.815,0.78125,CLOSED_LOOP
1711131089.240028,22,4714.0,0.005,0.0,0.845,0.78125,OPEN_LOOP
1711131090.530077,23,3933.0,0.0,0.0,0.005,0.78125,OPEN_LOOP
1711131091.790157,22,3819.0,0.0,0.0,0.0,0.78125,OPEN_LOOP
1711131093.020218,21,3599.0,0.0,0.0,0.0,0.78125,OPEN_LOOP
1711131094.28108,22,3269.0,0.0,0.0,0.0,0.78125,OPEN_LOOP
1711131095.539712,24,3023.0,0.0,0.0,0.0,0.78125,OPEN_LOOP
1711131096.739848,25,2809.0,0.0,0.0,0.0,0.78125,OPEN_LOOP
1711131097.971293,27,2431.0,0.0,0.0,0.0,0.78125,OPEN_LOOP
1711131099.230311,27,2471.0,0.0,0.0,0.0,0.78125,OPEN_LOOP
1711131100.430393,25,3133.0,0.0,0.0,0.0,0.78125,OPEN_LOOP
1711131101.659969,27,2673.0,0.0,0.0,0.0,0.78125,OPEN_LOOP
1711131102.890079,27,2025.0,0.0,0.0,0.0,0.78125,CLOSED_LOOP
1711131104.12017,67,2183.0,0.57,10.9375,0.09,0.78125,CLOSED_LOOP
1711131105.381452,28,2294.0,0.855,0.78125,0.135,0.78125,OPEN_LOOP
1711131106.640137,25,2899.0,0.0,0.0,0.0,0.78125,OPEN_LOOP
1711131107.901071,23,3294.0,0.0,0.0,0.0,0.78125,OPEN_LOOP
1711131109.190309,22,3344.0,0.0,0.0,0.0,0.78125,OPEN_LOOP
1711131110.480535,22,3341.0,0.0,0.0,0.0,0.78125,OPEN_LOOP
1711131111.710283,22,3335.0,0.0,0.0,0.0,0.78125,OPEN_LOOP
1711131113.031171,22,3275.0,0.0,0.0,0.0,0.78125,OPEN_LOOP
1711131114.320178,23,3135.0,0.0,0.0,0.0,0.78125,OPEN_LOOP
1711131115.551686,24,2961.0,0.0,0.0,0.0,0.78125,OPEN_LOOP
1711131116.840827,25,2921.0,0.0,0.0,0.0,0.78125,OPEN_LOOP
1711131118.071171,25,2935.0,0.0,0.0,0.0,0.78125,OPEN_LOOP
1711131119.269988,25,2957.0,0.0,0.0,0.0,0.78125,OPEN_LOOP
1711131120.500064,25,2989.0,0.0,0.0,0.0,0.78125,OPEN_LOOP
1711131121.731248,25,2901.0,0.0,0.0,0.0,0.78125,OPEN_LOOP
1711131122.93012,25,2854.0,0.0,0.0,0.0,0.78125,OPEN_LOOP
1711131124.13017,26,2793.0,0.0,0.0,0.0,0.78125,OPEN_LOOP
1711131125.390277,26,2723.0,0.0,0.0,0.0,0.78125,OPEN_LOOP
1711131126.620896,27,2709.0,0.0,0.0,0.0,0.78125,OPEN_LOOP
1711131127.820416,26,2682.0,0.0,0.0,0.0,0.78125,OPEN_LOOP
1711131129.111151,26,2705.0,0.0,0.0,0.0,0.78125,OPEN_LOOP
1711131130.340935,26,2760.0,0.0,0.0,0.0,0.78125,OPEN_LOOP
1711131131.601912,26,2870.0,0.0,0.0,0.0,0.78125,OPEN_LOOP
1711131132.860355,25,2910.0,0.0,0.0,0.0,0.78125,OPEN_LOOP
1711131134.120439,25,2962.0,0.0,0.0,0.0,0.78125,OPEN_LOOP
1711131135.349739,24,3013.0,0.0,0.0,0.0,0.78125,OPEN_LOOP
1711131136.610592,24,3085.0,0.0,0.0,0.0,0.78125,OPEN_LOOP
1711131137.870666,23,3138.0,0.0,0.0,0.0,0.78125,OPEN_LOOP
1711131139.100472,23,3060.0,0.0,0.0,0.0,0.78125,OPEN_LOOP
1711131140.332404,25,2967.0,0.0,0.0,0.0,0.78125,OPEN_LOOP
1711131141.559957,25,2915.0,0.0,0.0,0.0,0.78125,OPEN_LOOP
1711131142.820516,26,2884.0,0.0,0.0,0.0,0.78125,OPEN_LOOP
1711131144.050914,26,2801.0,0.0,0.0,0.0,0.78125,OPEN_LOOP
1711131145.280373,27,2745.0,0.0,0.0,0.0,0.78125,OPEN_LOOP
1711131146.480058,27,2688.0,0.0,0.0,0.0,0.78125,OPEN_LOOP
1711131147.710756,27,2646.0,0.0,0.0,0.0,0.78125,OPEN_LOOP
1711131148.970259,27,2591.0,0.0,0.0,0.0,0.78125,OPEN_LOOP
1711131150.170806,27,2559.0,0.0,0.0,0.0,0.78125,OPEN_LOOP
1711131151.460453,27,2531.0,0.0,0.0,0.0,0.78125,OPEN_LOOP
1711131152.660695,27,2494.0,0.0,0.0,0.0,0.78125,OPEN_LOOP
1711131153.950049,36,2441.0,0.045,4.6875,0.055,0.78125,CLOSED_LOOP
1711131155.240363,44,2549.0,0.855,7.03125,0.1,0.78125,CLOSED_LOOP
1711131156.530134,46,2661.0,0.78,3.90625,0.115,0.78125,CLOSED_LOOP
1711131157.761401,27,2653.0,0.04,0.0,0.12,0.78125,OPEN_LOOP
1711131159.020581,28,2577.0,0.0,0.0,0.0,0.78125,OPEN_LOOP
1711131160.281654,27,2502.0,0.0,0.0,0.0,0.78125,OPEN_LOOP
1711131161.510529,27,2395.0,0.0,0.0,0.0,0.78125,OPEN_LOOP
1711131162.741629,26,2188.0,0.0,0.0,0.0,0.78125,OPEN_LOOP
1711131164.000451,26,1910.0,0.0,0.0,0.0,0.78125,OPEN_LOOP
1711131165.230783,29,1751.0,0.0,0.0,0.0,0.78125,OPEN_LOOP
1711131166.460423,36,2271.0,0.965,0.0,0.09,0.78125,OPEN_LOOP
1711131167.721147,29,2522.0,0.0,0.0,0.0,0.78125,OPEN_LOOP
1711131168.92032,27,2246.0,0.0,0.0,0.0,0.78125,CLOSED_LOOP
1711131170.149887,39,2243.0,0.05,6.25,0.055,0.78125,CLOSED_LOOP
1711131171.320804,56,2624.0,0.775,3.125,0.11,0.78125,CLOSED_LOOP
1711131172.581011,54,3034.0,0.24,5.46875,0.125,0.78125,OPEN_LOOP
1711131173.841189,26,2415.0,0.0,0.0,0.0,0.78125,OPEN_LOOP
1711131175.100197,28,2050.0,0.0,0.78125,0.025,0.78125,CLOSED_LOOP
1711131176.362304,50,2233.0,0.935,5.46875,0.095,0.78125,CLOSED_LOOP
1711131177.589899,25,2319.0,0.06,0.0,0.105,0.78125,OPEN_LOOP
1711131178.792059,27,2307.0,0.0,0.0,0.0,0.78125,OPEN_LOOP
1711131180.050731,31,2321.0,0.0,0.0,0.02,0.78125,CLOSED_LOOP
1711131181.310679,38,2433.0,0.275,9.375,0.095,0.78125,CLOSED_LOOP
1711131182.571008,28,2598.0,0.16,0.0,0.105,0.78125,OPEN_LOOP
1711131183.860698,28,2621.0,0.0,0.0,0.0,0.78125,OPEN_LOOP
1711131185.061937,27,2661.0,0.0,0.0,0.0,0.78125,OPEN_LOOP
1711131186.290017,26,2725.0,0.0,0.0,0.0,0.78125,OPEN_LOOP
1711131187.549951,27,2776.0,0.0,0.0,0.0,0.78125,OPEN_LOOP
1711131188.750115,26,2809.0,0.0,0.0,0.0,0.78125,OPEN_LOOP
1711131189.982682,26,2840.0,0.015,2.34375,0.05,0.78125,CLOSED_LOOP
1711131191.209795,36,2987.0,0.915,0.0,0.09,0.78125,OPEN_LOOP
1711131192.411029,24,3035.0,0.0,0.0,0.0,0.78125,OPEN_LOOP
1711131193.641161,24,3074.0,0.0,0.0,0.0,0.78125,OPEN_LOOP
1711131194.900417,24,3102.0,0.0,0.0,0.0,0.78125,OPEN_LOOP
1711131196.131033,23,3130.0,0.0,0.0,0.0,0.78125,OPEN_LOOP
1711131197.420593,23,3149.0,0.0,0.0,0.0,0.78125,OPEN_LOOP
1711131198.651356,24,2959.0,0.0,0.0,0.0,0.78125,OPEN_LOOP
1711131199.88192,26,2196.0,0.0,0.0,0.0,0.78125,CLOSED_LOOP
1711131201.080927,45,1086.0,0.045,5.46875,0.05,0.78125,CLOSED_LOOP
1711131202.340082,42,1149.0,0.905,5.46875,0.09,0.78125,CLOSED_LOOP
1711131203.633259,40,1021.0,0.745,1.5625,0.1,0.78125,CLOSED_LOOP
1711131204.891197,44,1027.0,0.11,6.25,0.11,0.78125,CLOSED_LOOP
1711131206.151887,42,1012.0,0.075,6.25,0.12,0.78125,CLOSED_LOOP
1711131207.379698,42,1022.0,0.775,1.5625,0.12,0.78125,CLOSED_LOOP
1711131208.58156,38,988.0,0.735,2.34375,0.12,0.78125,CLOSED_LOOP
1711131209.780133,55,1639.0,0.095,3.90625,0.13,0.78125,OPEN_LOOP
1711131210.951655,29,1027.0,0.065,0.78125,0.125,0.78125,CLOSED_LOOP
1711131212.150745,41,1006.0,0.285,5.46875,0.115,0.78125,CLOSED_LOOP
1711131213.321106,39,941.0,0.76,-2.34375,0.125,0.78125,CLOSED_LOOP
1711131214.550866,41,933.0,0.055,5.46875,0.12,0.78125,CLOSED_LOOP
1711131215.810492,41,1108.0,0.05,5.46875,0.05,0.78125,CLOSED_LOOP
1711131217.102365,57,1532.0,0.825,6.25,0.125,0.78125,CLOSED_LOOP
1711131218.390546,62,1550.0,0.675,7.8125,0.145,0.78125,CLOSED_LOOP
1711131219.621667,54,2257.0,0.79,3.125,0.16,0.78125,CLOSED_LOOP
1711131220.879949,53,3170.0,0.865,-4.6875,0.165,0.78125,OPEN_LOOP
1711131222.080574,30,2062.0,0.0,0.0,0.0,0.78125,CLOSED_LOOP
1711131223.341268,28,2122.0,0.03,3.125,0.05,0.78125,CLOSED_LOOP
1711131224.61801,51,2403.0,0.925,0.0,0.11,0.78125,CLOSED_LOOP
1711131225.891251,38,2586.0,0.07,6.25,0.125,0.78125,CLOSED_LOOP
1711131227.150819,28,2851.0,0.88,0.0,0.13,0.78125,OPEN_LOOP
1711131228.409935,32,1477.0,0.04,3.125,0.065,0.78125,OPEN_LOOP
1711131229.641709,25,2004.0,0.0,0.0,0.0,0.78125,OPEN_LOOP
1711131230.840597,28,1763.0,0.0,0.0,0.0,0.78125,OPEN_LOOP
1711131232.101071,33,1505.0,0.0,0.0,0.0,0.78125,OPEN_LOOP
1711131233.330463,36,1284.0,0.035,2.34375,0.045,0.78125,CLOSED_LOOP
1711131234.529893,43,1352.0,0.04,7.03125,0.05,0.78125,OPEN_LOOP
1711131235.76015,95,1694.0,0.89,0.0,0.2,0.78125,OPEN_LOOP
1711131236.930865,95,2159.0,0.885,0.0,0.81,0.78125,OPEN_LOOP
1711131238.130682,94,2622.0,0.15,0.0,0.735,0.78125,OPEN_LOOP
1711131239.390827,94,3092.0,0.88,0.0,0.825,0.78125,OPEN_LOOP
1711131240.620098,94,3519.0,0.905,0.0,0.87,0.78125,OPEN_LOOP
1711131241.881163,94,3921.0,0.875,0.0,0.86,0.78125,OPEN_LOOP
1711131243.140906,94,4338.0,0.89,0.0,0.88,0.78125,OPEN_LOOP
1711131244.430506,94,4714.0,0.92,0.0,0.905,0.78125,OPEN_LOOP
1711131245.662028,94,5020.0,0.89,0.0,0.89,0.78125,OPEN_LOOP
1711131246.86125,94,5338.0,0.895,0.0,0.89,0.78125,OPEN_LOOP
1711131248.15071,94,5648.0,0.895,0.0,0.895,0.78125,OPEN_LOOP
1711131249.351158,94,5906.0,0.9,0.0,0.895,0.78125,OPEN_LOOP
1711131250.580379,93,6132.0,0.9,0.0,0.9,0.78125,OPEN_LOOP
1711131251.810997,94,6292.0,0.9,0.0,0.9,0.78125,OPEN_LOOP
1711131253.071342,27,6224.0,0.0,0.0,0.875,0.78125,OPEN_LOOP
1711131254.300965,23,4661.0,0.0,0.0,0.005,0.78125,OPEN_LOOP
1711131255.530205,22,3551.0,0.0,0.0,0.005,0.78125,OPEN_LOOP
1711131256.760923,22,3193.0,0.0,0.0,0.005,0.78125,OPEN_LOOP
1711131258.020971,25,2932.0,0.0,0.0,0.0,0.78125,OPEN_LOOP
1711131259.251029,26,2785.0,0.0,0.0,0.025,0.78125,CLOSED_LOOP
1711131260.510204,45,2761.0,0.91,0.0,0.085,0.78125,CLOSED_LOOP
1711131261.741619,26,2728.0,0.0,0.0,0.0,0.78125,OPEN_LOOP
1711131262.941204,28,2028.0,0.0,0.0,0.0,0.78125,CLOSED_LOOP
1711131264.200949,35,2241.0,0.01,0.0,0.005,0.78125,CLOSED_LOOP
1711131265.431034,53,2224.0,0.88,3.125,0.09,0.78125,CLOSED_LOOP
1711131266.630225,33,2225.0,0.06,1.5625,0.105,0.78125,CLOSED_LOOP
1711131267.920808,51,2228.0,0.215,2.34375,0.12,0.78125,CLOSED_LOOP
1711131269.150789,53,2218.0,0.83,3.90625,0.125,0.78125,CLOSED_LOOP
1711131270.411961,55,2222.0,0.805,0.78125,0.135,0.78125,CLOSED_LOOP
1711131271.700533,80,2233.0,0.15,4.6875,0.15,0.78125,CLOSED_LOOP
1711131272.931058,87,2230.0,0.79,0.78125,0.165,0.78125,CLOSED_LOOP
1711131274.220973,89,2231.0,0.81,2.34375,0.18,0.78125,CLOSED_LOOP
1711131275.451436,90,2257.0,0.83,-4.6875,0.18,0.78125,CLOSED_LOOP
1711131276.650132,49,2256.0,0.05,-3.125,0.17,0.78125,CLOSED_LOOP
1711131277.910934,62,2306.0,0.75,-2.34375,0.17,0.78125,CLOSED_LOOP
1711131279.170612,30,2317.0,0.85,-7.8125,0.165,0.78125,OPEN_LOOP
1711131280.37215,28,2322.0,0.0,0.0,0.005,0.78125,OPEN_LOOP
1711131281.631012,26,2281.0,0.0,0.0,0.0,0.78125,OPEN_LOOP
1711131282.830496,26,2264.0,0.0,0.0,0.0,0.78125,OPEN_LOOP
1711131284.090554,26,2225.0,0.0,0.0,0.0,0.78125,OPEN_LOOP
1711131285.320224,25,2163.0,0.0,0.0,0.0,0.78125,CLOSED_LOOP
1711131286.610743,88,3257.0,0.895,0.0,0.085,0.78125,OPEN_LOOP
1711131287.902067,29,2537.0,0.0,0.0,0.0,0.78125,CLOSED_LOOP
1711131289.130399,47,2524.0,0.59,8.59375,0.095,0.78125,CLOSED_LOOP
1711131290.39129,40,2576.0,0.835,-5.46875,0.105,0.78125,OPEN_LOOP
1711131291.650887,28,2576.0,0.0,0.0,0.0,0.78125,OPEN_LOOP
1711131292.941362,27,2541.0,0.0,0.0,0.0,0.78125,OPEN_LOOP
1711131294.230326,27,2506.0,0.0,0.0,0.0,0.78125,OPEN_LOOP
1711131295.522434,27,2483.0,0.0,0.0,0.0,0.78125,OPEN_LOOP
1711131296.720623,27,2449.0,0.0,0.0,0.0,0.78125,OPEN_LOOP
1711131297.951364,27,2421.0,0.0,0.0,0.0,0.78125,OPEN_LOOP
1711131299.210869,26,2405.0,0.0,0.0,0.0,0.78125,OPEN_LOOP
1711131300.411791,36,2454.0,0.055,5.46875,0.065,0.78125,CLOSED_LOOP
1711131301.641028,40,2543.0,0.175,6.25,0.095,0.78125,CLOSED_LOOP
1711131302.870799,41,2627.0,0.245,7.8125,0.11,0.78125,CLOSED_LOOP
1711131304.071331,40,2701.0,0.89,3.125,0.12,0.78125,OPEN_LOOP
1711131305.331079,26,1918.0,0.0,0.78125,0.01,0.78125,CLOSED_LOOP
1711131306.591396,31,2326.0,0.0,0.0,0.0,0.78125,OPEN_LOOP
1711131307.820782,27,2357.0,0.0,0.78125,0.025,0.78125,CLOSED_LOOP
1711131309.079772,33,2396.0,0.85,1.5625,0.09,0.78125,OPEN_LOOP
1711131310.342745,26,2400.0,0.0,0.0,0.0,0.78125,OPEN_LOOP
1711131311.600701,26,2372.0,0.0,1.5625,0.025,0.78125,CLOSED_LOOP
1711131312.829734,36,2377.0,0.86,1.5625,0.085,0.78125,CLOSED_LOOP
1711131314.09081,32,2385.0,0.05,3.125,0.065,0.78125,CLOSED_LOOP
1711131315.320103,40,2387.0,0.83,3.125,0.11,0.78125,CLOSED_LOOP
1711131316.580821,41,2386.0,0.765,1.5625,0.12,0.78125,CLOSED_LOOP
1711131317.870742,55,2388.0,0.785,1.5625,0.135,0.78125,CLOSED_LOOP
1711131319.100855,67,2390.0,0.075,2.34375,0.15,0.78125,CLOSED_LOOP
1711131320.361928,69,2385.0,0.095,0.78125,0.155,0.78125,CLOSED_LOOP
1711131321.591303,71,2371.0,0.885,0.0,0.16,0.78125,CLOSED_LOOP
1711131322.79279,33,2318.0,0.05,-3.125,0.16,0.78125,CLOSED_LOOP
1711131324.050962,34,2291.0,0.04,-0.78125,0.16,0.78125,CLOSED_LOOP
1711131325.280382,54,2308.0,0.905,0.0,0.16,0.78125,CLOSED_LOOP
1711131326.511566,26,2303.0,0.065,0.0,0.135,0.78125,OPEN_LOOP
1711131327.744689,35,2349.0,0.045,3.90625,0.07,0.78125,CLOSED_LOOP
1711131329.031055,38,2367.0,0.89,2.34375,0.11,0.78125,CLOSED_LOOP
1711131330.261013,24,2356.0,0.0,0.0,0.0,0.78125,OPEN_LOOP
1711131331.490986,34,2337.0,0.0,0.0,0.015,0.78125,CLOSED_LOOP
1711131332.870778,45,2370.0,0.87,9.375,0.095,0.78125,CLOSED_LOOP
1711131334.071513,49,2389.0,0.76,5.46875,0.115,0.78125,CLOSED_LOOP
1711131335.301087,54,2408.0,0.87,3.125,0.13,0.78125,CLOSED_LOOP
1711131336.561851,34,2405.0,0.8,-8.59375,0.135,0.78125,OPEN_LOOP
1711131337.821084,37,2364.0,0.06,5.46875,0.105,0.78125,CLOSED_LOOP
1711131339.111131,38,2396.0,0.865,-4.6875,0.13,0.78125,CLOSED_LOOP
1711131340.341885,27,2385.0,0.0,0.0,0.0,0.78125,OPEN_LOOP
1711131341.570907,27,1879.0,0.86,2.34375,0.105,0.78125,OPEN_LOOP
1711131342.770627,27,2599.0,0.0,0.0,0.0,0.78125,OPEN_LOOP
1711131344.032402,26,2902.0,0.0,0.0,0.0,0.78125,OPEN_LOOP
1711131345.231284,26,2829.0,0.0,0.0,0.0,0.78125,OPEN_LOOP
1711131346.430664,27,2774.0,0.0,0.0,0.0,0.78125,OPEN_LOOP
1711131347.661604,35,2747.0,0.105,6.25,0.08,0.78125,CLOSED_LOOP
1711131348.890614,41,2809.0,0.68,9.375,0.105,0.78125,CLOSED_LOOP
1711131350.152039,49,2848.0,0.8,2.34375,0.125,0.78125,CLOSED_LOOP
1711131351.380211,53,2887.0,0.59,0.78125,0.135,0.78125,CLOSED_LOOP
1711131352.701425,54,2896.0,0.82,3.125,0.145,0.78125,CLOSED_LOOP
1711131353.931952,55,2915.0,0.775,0.0,0.155,0.78125,CLOSED_LOOP
1711131355.191223,56,2964.0,0.12,1.5625,0.16,0.78125,CLOSED_LOOP
1711131356.451695,27,2987.0,0.885,0.0,0.15,0.78125,CLOSED_LOOP
1711131357.681103,40,2939.0,0.845,1.5625,0.16,0.78125,CLOSED_LOOP
1711131358.970447,51,2943.0,0.86,3.125,0.165,0.78125,CLOSED_LOOP
1711131360.291665,36,3010.0,0.91,-6.25,0.165,0.78125,OPEN_LOOP
1711131361.551738,29,1713.0,0.035,1.5625,0.075,0.78125,OPEN_LOOP
1711131362.811101,24,2303.0,0.005,0.0,0.005,0.78125,OPEN_LOOP
1711131364.041134,28,2264.0,0.02,2.34375,0.045,0.78125,CLOSED_LOOP
1711131365.241143,28,2290.0,0.825,-3.125,0.095,0.78125,OPEN_LOOP
1711131366.470946,27,2283.0,0.0,0.0,0.0,0.78125,OPEN_LOOP
1711131367.700378,26,2280.0,0.0,0.0,0.0,0.78125,OPEN_LOOP
1711131368.902347,26,2275.0,0.0,0.0,0.0,0.78125,OPEN_LOOP
1711131370.131375,26,2252.0,0.0,0.0,0.0,0.78125,OPEN_LOOP
1711131371.391275,26,2221.0,0.0,0.0,0.0,0.78125,OPEN_LOOP
1711131372.650862,25,2173.0,0.0,0.0,0.0,0.78125,OPEN_LOOP
1711131373.910322,26,2132.0,0.0,0.0,0.0,0.78125,CLOSED_LOOP
1711131375.17071,66,3498.0,0.91,0.0,0.085,0.78125,OPEN_LOOP
1711131376.462032,28,2530.0,0.0,0.0,0.0,0.78125,OPEN_LOOP
1711131377.751627,27,2419.0,0.0,0.0,0.0,0.78125,OPEN_LOOP
1711131379.07084,27,2389.0,0.0,0.0,0.0,0.78125,OPEN_LOOP
1711131380.300919,27,2350.0,0.0,0.0,0.0,0.78125,OPEN_LOOP
1711131381.591118,26,2086.0,0.0,0.0,0.07,0.78125,OPEN_LOOP
1711131382.850985,25,2896.0,0.0,0.0,0.0,0.78125,OPEN_LOOP
1711131384.171355,27,2790.0,0.0,0.0,0.0,0.78125,OPEN_LOOP
1711131385.402231,27,2660.0,0.0,0.0,0.0,0.78125,OPEN_LOOP
1711131386.630268,33,2601.0,0.015,2.34375,0.035,0.78125,CLOSED_LOOP
1711131387.830777,39,2646.0,0.805,8.59375,0.085,0.78125,CLOSED_LOOP
1711131389.03174,26,2638.0,0.03,0.0,0.095,0.78125,OPEN_LOOP
1711131390.291982,36,2606.0,0.045,4.6875,0.06,0.78125,CLOSED_LOOP
1711131391.521049,41,2647.0,0.735,3.125,0.105,0.78125,CLOSED_LOOP
1711131392.781327,42,2718.0,0.395,0.78125,0.115,0.78125,CLOSED_LOOP
1711131394.041354,27,2737.0,0.06,0.0,0.115,0.78125,CLOSED_LOOP
1711131395.300815,38,2703.0,0.735,8.59375,0.105,0.78125,CLOSED_LOOP
1711131396.560066,38,2750.0,0.87,0.0,0.115,0.78125,OPEN_LOOP
1711131397.881473,28,2698.0,0.02,3.125,0.045,0.78125,CLOSED_LOOP
1711131399.170201,42,2722.0,0.875,6.25,0.115,0.78125,CLOSED_LOOP
1711131400.430972,53,2749.0,0.79,3.125,0.13,0.78125,CLOSED_LOOP
1711131401.691964,75,2854.0,0.83,-2.34375,0.15,0.78125,CLOSED_LOOP
1711131402.980966,84,2994.0,0.84,0.78125,0.16,0.78125,CLOSED_LOOP
1711131404.210823,84,3149.0,0.76,-3.90625,0.175,0.78125,CLOSED_LOOP
1711131405.472165,25,3120.0,0.86,0.0,0.16,0.78125,OPEN_LOOP
1711131406.731336,38,2234.0,0.035,4.6875,0.055,0.78125,CLOSED_LOOP
1711131407.931544,86,2270.0,0.125,5.46875,0.145,0.78125,CLOSED_LOOP
1711131409.16278,87,2370.0,0.705,8.59375,0.175,0.78125,CLOSED_LOOP
1711131410.4205,59,2431.0,0.905,-7.8125,0.175,0.78125,CLOSED_LOOP
1711131411.652003,27,2370.0,0.015,0.0,0.145,0.78125,CLOSED_LOOP
1711131412.910734,54,2364.0,0.085,10.9375,0.105,0.78125,CLOSED_LOOP
1711131414.142005,74,2421.0,0.92,8.59375,0.15,0.78125,CLOSED_LOOP
1711131415.401238,63,2451.0,0.835,6.25,0.155,0.78125,CLOSED_LOOP
1711131416.630612,49,2444.0,0.765,4.6875,0.16,0.78125,CLOSED_LOOP
1711131417.920561,57,2442.0,0.16,11.71875,0.16,0.78125,CLOSED_LOOP
1711131419.149694,58,2443.0,0.86,6.25,0.16,0.78125,CLOSED_LOOP
1711131420.410169,46,2402.0,0.855,7.8125,0.16,0.78125,CLOSED_LOOP
1711131421.729549,49,2391.0,0.085,2.34375,0.165,0.78125,CLOSED_LOOP
1711131422.988114,54,2400.0,0.895,6.25,0.165,0.78125,CLOSED_LOOP
1711131424.249477,31,2382.0,0.05,2.34375,0.165,0.78125,CLOSED_LOOP
1711131425.508005,50,2353.0,0.075,7.8125,0.165,0.78125,CLOSED_LOOP
1711131426.768442,53,2364.0,0.905,9.375,0.17,0.78125,CLOSED_LOOP
1711131428.028278,28,2307.0,0.645,0.0,0.14,0.78125,OPEN_LOOP
1711131429.287501,94,3282.0,0.01,0.0,0.145,0.78125,OPEN_LOOP
1711131430.486293,28,2807.0,0.0,0.0,0.0,0.78125,OPEN_LOOP
1711131431.716651,31,2642.0,0.0,1.5625,0.045,0.78125,CLOSED_LOOP
1711131433.007752,56,2650.0,0.31,8.59375,0.075,0.78125,CLOSED_LOOP
1711131434.207626,79,2760.0,0.06,8.59375,0.125,0.78125,CLOSED_LOOP
1711131435.436064,89,2925.0,0.85,14.0625,0.145,0.78125,CLOSED_LOOP
1711131436.665908,95,3165.0,0.895,0.0,0.765,0.78125,OPEN_LOOP
1711131437.866002,95,3412.0,0.905,0.0,0.91,0.78125,OPEN_LOOP
1711131439.096468,95,3609.0,0.895,0.0,0.905,0.78125,OPEN_LOOP
1711131440.295303,95,3765.0,0.88,0.0,0.89,0.78125,OPEN_LOOP
1711131441.556075,95,3908.0,0.875,0.0,0.885,0.78125,OPEN_LOOP
1711131442.756868,95,3970.0,0.945,-7.03125,0.91,0.78125,OPEN_LOOP
1711131444.016856,26,2640.0,0.025,2.34375,0.755,0.78125,OPEN_LOOP
1711131445.275512,95,2642.0,0.065,0.0,0.095,0.78125,OPEN_LOOP
1711131446.505693,95,2692.0,0.085,0.0,0.14,0.78125,CLOSED_LOOP
1711131447.765805,37,2624.0,0.88,-8.59375,0.16,0.78125,OPEN_LOOP
1711131449.05561,30,2446.0,0.0,0.0,0.015,0.78125,CLOSED_LOOP
1711131450.315783,58,2358.0,0.845,5.46875,0.115,0.78125,CLOSED_LOOP
1711131451.545069,78,2367.0,0.83,0.0,0.14,0.78125,CLOSED_LOOP
1711131452.804407,86,2401.0,0.155,3.90625,0.155,0.78125,CLOSED_LOOP
1711131454.036513,33,2382.0,0.78,-3.90625,0.15,0.78125,CLOSED_LOOP
1711131455.296799,43,2356.0,0.125,7.03125,0.155,0.78125,CLOSED_LOOP
1711131456.555391,29,2289.0,0.845,-2.34375,0.155,0.78125,CLOSED_LOOP
1711131457.755252,67,2277.0,0.065,9.375,0.16,0.78125,CLOSED_LOOP
1711131458.985623,77,2321.0,0.84,11.71875,0.17,0.78125,CLOSED_LOOP
1711131460.214376,84,2383.0,0.795,1.5625,0.175,0.78125,CLOSED_LOOP
1711131461.414798,39,2395.0,0.865,-0.78125,0.175,0.78125,CLOSED_LOOP
1711131462.675358,59,2385.0,0.695,3.90625,0.175,0.78125,CLOSED_LOOP
1711131463.965844,68,2413.0,0.07,5.46875,0.18,0.78125,CLOSED_LOOP
1711131465.19463,68,2440.0,0.795,9.375,0.19,0.78125,CLOSED_LOOP
1711131466.454582,32,2412.0,0.865,-2.34375,0.185,0.78125,OPEN_LOOP
1711131467.71429,28,2330.0,0.0,0.0,0.02,0.78125,CLOSED_LOOP
1711131468.975386,47,2339.0,0.81,2.34375,0.105,0.78125,CLOSED_LOOP
1711131470.235207,28,2347.0,0.07,0.78125,0.115,0.78125,OPEN_LOOP
1711131471.464694,28,2312.0,0.0,0.0,0.0,0.78125,OPEN_LOOP
1711131472.694234,95,3844.0,0.0,0.0,0.005,0.78125,OPEN_LOOP
1711131473.955154,28,3135.0,0.0,0.0,0.0,0.78125,OPEN_LOOP
1711131475.214064,25,2999.0,0.0,0.0,0.0,0.78125,OPEN_LOOP
1711131476.414462,25,2926.0,0.0,0.0,0.0,0.78125,OPEN_LOOP
1711131477.645551,26,2852.0,0.0,0.0,0.0,0.78125,OPEN_LOOP
1711131478.87514,26,2774.0,0.0,0.0,0.0,0.78125,OPEN_LOOP
1711131480.104295,27,2689.0,0.0,0.0,0.0,0.78125,OPEN_LOOP
1711131481.334661,27,2574.0,0.0,0.0,0.0,0.78125,OPEN_LOOP
1711131482.533344,27,2468.0,0.0,0.0,0.0,0.78125,OPEN_LOOP
1711131483.733106,27,2370.0,0.0,0.0,0.0,0.78125,OPEN_LOOP
1711131484.964896,26,1763.0,0.815,0.0,0.1,0.78125,OPEN_LOOP
1711131486.19517,24,2929.0,0.0,0.0,0.0,0.78125,OPEN_LOOP
1711131487.484512,23,3162.0,0.0,0.0,0.0,0.78125,OPEN_LOOP
1711131488.715696,24,2941.0,0.0,0.0,0.0,0.78125,CLOSED_LOOP
1711131490.003805,40,2901.0,0.72,7.03125,0.09,0.78125,CLOSED_LOOP
1711131491.265016,42,3132.0,0.535,5.46875,0.105,0.78125,CLOSED_LOOP
1711131492.464445,39,3305.0,0.895,7.03125,0.115,0.78125,OPEN_LOOP
1711131493.788205,24,3149.0,0.0,0.0,0.0,0.78125,OPEN_LOOP
1711131494.984106,27,2772.0,0.0,0.0,0.0,0.78125,OPEN_LOOP
1711131496.214312,27,2347.0,0.0,0.0,0.0,0.78125,OPEN_LOOP
1711131497.475052,28,2079.0,0.0,1.5625,0.03,0.78125,CLOSED_LOOP
1711131498.704388,94,2422.0,0.175,1.5625,0.05,0.78125,CLOSED_LOOP
1711131499.904811,37,2959.0,0.92,-0.78125,0.105,0.78125,OPEN_LOOP
1711131501.135189,38,1819.0,0.03,3.125,0.035,0.78125,CLOSED_LOOP
1711131502.395775,36,1708.0,0.915,1.5625,0.095,0.78125,CLOSED_LOOP
1711131503.625336,32,1603.0,0.885,-5.46875,0.11,0.78125,OPEN_LOOP
1711131504.914571,31,2277.0,0.0,0.0,0.0,0.78125,OPEN_LOOP
1711131506.173603,31,2257.0,0.03,3.125,0.035,0.78125,CLOSED_LOOP
1711131507.464708,72,2526.0,0.78,3.90625,0.115,0.78125,CLOSED_LOOP
1711131508.815552,44,2907.0,0.915,-0.78125,0.12,0.78125,CLOSED_LOOP
1711131510.104678,37,2939.0,0.815,2.34375,0.13,0.78125,CLOSED_LOOP
1711131511.33526,41,2993.0,0.06,6.25,0.14,0.78125,CLOSED_LOOP
1711131512.564866,58,3224.0,0.805,5.46875,0.155,0.78125,CLOSED_LOOP
1711131513.824265,57,3602.0,0.75,9.375,0.17,0.78125,CLOSED_LOOP
1711131515.054599,25,3840.0,0.835,0.0,0.175,0.78125,OPEN_LOOP
1711131516.344077,30,2457.0,0.0,0.0,0.025,0.78125,CLOSED_LOOP
1711131517.544633,54,2477.0,0.815,1.5625,0.11,0.78125,CLOSED_LOOP
1711131518.743937,72,2615.0,0.84,-3.125,0.13,0.78125,CLOSED_LOOP
1711131519.944671,55,2711.0,0.865,-7.03125,0.14,0.78125,CLOSED_LOOP
1711131521.174903,41,2736.0,0.08,5.46875,0.145,0.78125,CLOSED_LOOP
1711131522.404181,46,2792.0,0.715,6.25,0.15,0.78125,CLOSED_LOOP
1711131523.574838,46,2827.0,0.89,0.0,0.155,0.78125,CLOSED_LOOP
1711131524.866221,29,2823.0,0.035,3.125,0.155,0.78125,CLOSED_LOOP
1711131526.064946,42,2879.0,0.915,3.125,0.155,0.78125,OPEN_LOOP
1711131527.264953,26,2868.0,0.0,0.0,0.0,0.78125,OPEN_LOOP
1711131528.525167,27,2831.0,0.0,0.0,0.0,0.78125,OPEN_LOOP
1711131529.785305,27,2811.0,0.0,0.0,0.0,0.78125,OPEN_LOOP
1711131531.04488,27,2589.0,0.0,0.0,0.0,0.78125,OPEN_LOOP
1711131532.275363,26,2015.0,0.0,0.0,0.0,0.78125,CLOSED_LOOP
1711131533.444327,39,1150.0,0.33,5.46875,0.065,0.78125,CLOSED_LOOP
1711131534.704589,45,976.0,0.06,5.46875,0.075,0.78125,CLOSED_LOOP
1711131535.934957,44,990.0,0.795,1.5625,0.095,0.78125,CLOSED_LOOP
1711131537.194625,45,978.0,0.655,6.25,0.105,0.78125,CLOSED_LOOP
1711131538.424492,45,960.0,0.095,4.6875,0.11,0.78125,CLOSED_LOOP
1711131539.684914,43,984.0,0.19,0.78125,0.12,0.78125,CLOSED_LOOP
1711131540.945165,40,897.0,0.79,-2.34375,0.12,0.78125,CLOSED_LOOP
1711131542.204569,42,955.0,0.67,2.34375,0.12,0.78125,CLOSED_LOOP
1711131543.434762,42,904.0,0.05,0.0,0.125,0.78125,CLOSED_LOOP
1711131544.6347,41,948.0,0.875,0.78125,0.13,0.78125,CLOSED_LOOP
1711131545.834023,41,913.0,0.065,-2.34375,0.13,0.78125,CLOSED_LOOP
1711131547.09553,42,937.0,0.83,2.34375,0.13,0.78125,CLOSED_LOOP
1711131548.354213,41,899.0,0.08,-0.78125,0.135,0.78125,CLOSED_LOOP
1711131549.58464,41,959.0,0.875,0.0,0.135,0.78125,CLOSED_LOOP
1711131550.843989,42,904.0,0.04,-0.78125,0.135,0.78125,CLOSED_LOOP
1711131552.044996,42,944.0,0.845,0.0,0.135,0.78125,CLOSED_LOOP
1711131553.274977,43,907.0,0.05,1.5625,0.14,0.78125,CLOSED_LOOP
1711131554.504471,41,958.0,0.87,-0.78125,0.14,0.78125,CLOSED_LOOP
1711131555.795029,41,915.0,0.05,0.0,0.14,0.78125,CLOSED_LOOP
1711131557.056248,42,1079.0,0.07,2.34375,0.145,0.78125,CLOSED_LOOP
1711131558.3159,48,1565.0,0.685,8.59375,0.15,0.78125,CLOSED_LOOP
1711131559.575943,49,1793.0,0.205,1.5625,0.155,0.78125,CLOSED_LOOP
1711131560.834991,71,3076.0,0.815,4.6875,0.17,0.78125,CLOSED_LOOP
1711131562.095347,24,3229.0,0.0,0.0,0.035,0.78125,OPEN_LOOP
1711131563.354542,42,2415.0,0.06,6.25,0.09,0.78125,CLOSED_LOOP
1711131564.554421,66,2829.0,0.815,2.34375,0.13,0.78125,CLOSED_LOOP
1711131565.786153,61,3326.0,0.69,7.03125,0.15,0.78125,CLOSED_LOOP
1711131566.984875,23,2870.0,0.0,0.0,0.0,0.78125,CLOSED_LOOP
1711131568.245166,50,2422.0,0.715,8.59375,0.11,0.78125,CLOSED_LOOP
1711131569.445241,61,2655.0,0.91,0.78125,0.125,0.78125,CLOSED_LOOP
1711131570.704903,26,2737.0,0.0,0.0,0.045,0.78125,CLOSED_LOOP
1711131571.96527,30,2791.0,0.895,0.0,0.115,0.78125,OPEN_LOOP
1711131573.225651,27,2879.0,0.0,0.0,0.0,0.78125,OPEN_LOOP
1711131574.514503,26,2907.0,0.0,0.0,0.0,0.78125,OPEN_LOOP
1711131575.774914,26,2863.0,0.0,0.0,0.0,0.78125,OPEN_LOOP
1711131577.035523,28,2517.0,0.0,0.0,0.0,0.78125,OPEN_LOOP
1711131578.295354,30,2531.0,0.0,0.0,0.02,0.78125,CLOSED_LOOP
1711131579.583999,44,2647.0,0.83,5.46875,0.09,0.78125,CLOSED_LOOP
1711131580.844049,28,2713.0,0.565,0.0,0.095,0.78125,OPEN_LOOP
1711131582.135397,36,2644.0,0.065,6.25,0.08,0.78125,CLOSED_LOOP
1711131583.454691,40,2631.0,0.9,3.125,0.11,0.78125,OPEN_LOOP
1711131584.684104,26,2558.0,0.0,0.0,0.0,0.78125,CLOSED_LOOP
1711131585.9146,42,2522.0,0.705,8.59375,0.1,0.78125,CLOSED_LOOP
1711131587.144911,56,2618.0,0.615,2.34375,0.12,0.78125,CLOSED_LOOP
1711131588.376543,56,2765.0,0.145,3.90625,0.135,0.78125,CLOSED_LOOP
1711131589.635238,55,2927.0,0.805,2.34375,0.145,0.78125,CLOSED_LOOP
1711131590.864884,53,3115.0,0.145,3.90625,0.15,0.78125,CLOSED_LOOP
1711131592.095551,24,2892.0,0.29,0.0,0.13,0.78125,CLOSED_LOOP
1711131593.355316,28,2362.0,0.0,0.0,0.0,0.78125,OPEN_LOOP
1711131594.674351,33,2385.0,0.0,0.0,0.0,0.78125,CLOSED_LOOP
1711131595.905057,39,2443.0,0.905,1.5625,0.08,0.78125,OPEN_LOOP
1711131597.19429,25,2481.0,0.0,0.0,0.0,0.78125,OPEN_LOOP
1711131598.454756,27,2508.0,0.0,0.0,0.0,0.78125,OPEN_LOOP
1711131599.685362,27,2522.0,0.0,0.0,0.0,0.78125,OPEN_LOOP
1711131600.944866,27,2517.0,0.0,0.0,0.0,0.78125,OPEN_LOOP
1711131602.235285,27,2548.0,0.0,0.0,0.0,0.78125,OPEN_LOOP
1711131603.524827,27,2547.0,0.0,0.0,0.0,0.78125,OPEN_LOOP
1711131604.784487,27,2568.0,0.0,0.0,0.0,0.78125,OPEN_LOOP
1711131606.044633,27,2543.0,0.0,0.0,0.0,0.78125,OPEN_LOOP
1711131607.305903,27,2391.0,0.0,0.0,0.0,0.78125,OPEN_LOOP
1711131608.534441,26,2175.0,0.0,0.0,0.065,0.78125,OPEN_LOOP
1711131609.764941,27,2826.0,0.0,0.0,0.0,0.78125,OPEN_LOOP
1711131610.966278,26,2879.0,0.0,0.0,0.0,0.78125,OPEN_LOOP
1711131612.284511,27,2624.0,0.0,0.0,0.0,0.78125,OPEN_LOOP
1711131613.603884,27,2392.0,0.0,0.0,0.0,0.78125,OPEN_LOOP
1711131614.834269,26,2214.0,0.0,0.0,0.0,0.78125,OPEN_LOOP
1711131616.064953,25,2064.0,0.0,0.0,0.0,0.78125,OPEN_LOOP
1711131617.294516,26,1941.0,0.0,0.0,0.0,0.78125,CLOSED_LOOP
1711131618.524621,24,3169.0,0.775,-2.34375,0.095,0.78125,CLOSED_LOOP
1711131619.783915,40,2945.0,0.875,6.25,0.105,0.78125,CLOSED_LOOP
1711131621.075256,25,2848.0,0.0,0.0,0.09,0.78125,OPEN_LOOP
1711131622.303782,28,2624.0,0.0,0.0,0.0,0.78125,OPEN_LOOP
1711131623.563878,33,2513.0,0.03,3.90625,0.045,0.78125,CLOSED_LOOP
1711131624.823811,53,2532.0,0.84,5.46875,0.1,0.78125,CLOSED_LOOP
1711131626.055104,61,2738.0,0.85,5.46875,0.125,0.78125,CLOSED_LOOP
1711131627.345308,69,3084.0,0.145,6.25,0.14,0.78125,CLOSED_LOOP
1711131628.605277,71,3381.0,0.865,7.03125,0.16,0.78125,CLOSED_LOOP
1711131629.83544,76,3664.0,0.945,0.0,0.24,0.78125,OPEN_LOOP
1711131631.09565,25,2680.0,0.0,0.0,0.015,0.78125,CLOSED_LOOP
1711131632.294756,75,2166.0,0.835,7.8125,0.13,0.78125,CLOSED_LOOP
1711131633.58462,90,2268.0,0.275,3.90625,0.165,0.78125,CLOSED_LOOP
1711131634.784395,91,2385.0,0.8,7.8125,0.195,0.78125,CLOSED_LOOP
1711131636.014931,92,2471.0,0.13,5.46875,0.23,0.78125,CLOSED_LOOP
1711131637.27457,92,2529.0,0.86,4.6875,0.31,0.78125,CLOSED_LOOP
1711131638.505153,59,2456.0,0.065,-2.34375,0.275,0.78125,CLOSED_LOOP
1711131639.795923,56,2271.0,0.925,-3.125,0.25,0.78125,OPEN_LOOP
1711131641.115521,36,3852.0,0.0,0.0,0.015,0.78125,OPEN_LOOP
1711131642.345854,30,2361.0,0.0,0.0,0.005,0.78125,OPEN_LOOP
1711131643.604865,29,1672.0,0.0,0.78125,0.01,0.78125,CLOSED_LOOP
1711131644.864349,44,1195.0,0.045,4.6875,0.055,0.78125,CLOSED_LOOP
1711131646.124918,85,1101.0,0.83,4.6875,0.1,0.78125,CLOSED_LOOP
1711131647.415444,88,1373.0,0.375,7.8125,0.115,0.78125,CLOSED_LOOP
1711131648.675649,77,1761.0,0.88,1.5625,0.13,0.78125,CLOSED_LOOP
1711131649.904519,33,1682.0,0.895,-5.46875,0.125,0.78125,CLOSED_LOOP
1711131651.165507,65,1690.0,0.04,0.0,0.135,0.78125,CLOSED_LOOP
1711131652.454914,66,2106.0,0.18,4.6875,0.145,0.78125,CLOSED_LOOP
1711131653.684418,70,2499.0,0.835,6.25,0.155,0.78125,CLOSED_LOOP
1711131654.913425,68,2952.0,0.075,3.90625,0.16,0.78125,CLOSED_LOOP
1711131656.174344,26,2977.0,0.515,0.0,0.145,0.78125,CLOSED_LOOP
1711131657.404715,43,2016.0,0.06,6.25,0.08,0.78125,CLOSED_LOOP
1711131658.635368,60,2140.0,0.715,0.78125,0.125,0.78125,CLOSED_LOOP
1711131659.864083,63,2264.0,0.81,3.125,0.14,0.78125,CLOSED_LOOP
1711131661.065405,53,2361.0,0.92,-4.6875,0.145,0.78125,CLOSED_LOOP
1711131662.383923,36,2326.0,0.055,5.46875,0.145,0.78125,CLOSED_LOOP
1711131663.583648,47,2390.0,0.105,6.25,0.15,0.78125,CLOSED_LOOP
1711131664.81575,52,2448.0,0.86,7.03125,0.15,0.78125,CLOSED_LOOP
1711131666.165296,30,2422.0,0.065,-0.78125,0.15,0.78125,CLOSED_LOOP
1711131667.453618,46,2487.0,0.835,6.25,0.155,0.78125,CLOSED_LOOP
1711131668.685589,63,2562.0,0.78,3.125,0.16,0.78125,CLOSED_LOOP
1711131669.945673,63,2716.0,0.815,1.5625,0.165,0.78125,CLOSED_LOOP
1711131671.295755,29,2631.0,0.345,0.0,0.145,0.78125,OPEN_LOOP
1711131672.61416,29,2479.0,0.0,0.0,0.0,0.78125,OPEN_LOOP
1711131673.905513,28,2367.0,0.0,0.0,0.0,0.78125,CLOSED_LOOP
1711131675.134432,41,2349.0,0.105,8.59375,0.08,0.78125,CLOSED_LOOP
1711131676.366884,44,2406.0,0.21,9.375,0.105,0.78125,CLOSED_LOOP
1711131677.596236,65,2554.0,0.83,3.90625,0.125,0.78125,CLOSED_LOOP
1711131678.85457,67,2690.0,0.185,3.90625,0.14,0.78125,CLOSED_LOOP
1711131680.054504,66,2813.0,0.635,7.8125,0.145,0.78125,CLOSED_LOOP
1711131681.314885,65,2923.0,0.46,1.5625,0.15,0.78125,CLOSED_LOOP
1711131682.574396,28,2934.0,0.895,-0.78125,0.14,0.78125,OPEN_LOOP
1711131683.774655,28,2082.0,0.0,0.0,0.02,0.78125,CLOSED_LOOP
1711131685.063936,50,2085.0,0.125,10.15625,0.095,0.78125,CLOSED_LOOP
1711131686.355071,52,2104.0,0.895,4.6875,0.115,0.78125,CLOSED_LOOP
1711131687.584645,36,2068.0,0.045,5.46875,0.125,0.78125,CLOSED_LOOP
1711131688.845373,48,2095.0,0.905,4.6875,0.13,0.78125,CLOSED_LOOP
1711131690.105128,26,2050.0,0.065,0.0,0.13,0.78125,OPEN_LOOP
1711131691.394551,28,1890.0,0.0,0.0,0.0,0.78125,OPEN_LOOP
1711131692.684379,36,1328.0,0.04,3.90625,0.05,0.78125,CLOSED_LOOP
1711131693.944458,42,967.0,0.06,2.34375,0.085,0.78125,CLOSED_LOOP
1711131695.234467,45,1013.0,0.795,2.34375,0.1,0.78125,CLOSED_LOOP
1711131696.494606,46,964.0,0.115,9.375,0.11,0.78125,CLOSED_LOOP
1711131697.785196,41,1768.0,0.01,1.5625,0.03,0.78125,CLOSED_LOOP
1711131699.045804,57,1802.0,0.45,10.15625,0.12,0.78125,CLOSED_LOOP
1711131700.30503,78,2148.0,0.805,8.59375,0.135,0.78125,CLOSED_LOOP
1711131701.53562,83,2647.0,0.66,1.5625,0.16,0.78125,CLOSED_LOOP
1711131702.765732,81,3135.0,0.81,3.125,0.17,0.78125,CLOSED_LOOP
1711131704.05525,27,3356.0,0.79,0.0,0.16,0.78125,OPEN_LOOP
1711131705.314716,39,2074.0,0.04,4.6875,0.065,0.78125,CLOSED_LOOP
1711131706.513909,60,2155.0,0.325,9.375,0.115,0.78125,CLOSED_LOOP
1711131707.751177,64,2241.0,0.76,3.90625,0.14,0.78125,CLOSED_LOOP
1711131709.006333,66,2334.0,0.175,3.90625,0.15,0.78125,CLOSED_LOOP
1711131710.234232,29,2275.0,0.83,-5.46875,0.15,0.78125,OPEN_LOOP
1711131711.524458,27,2161.0,0.0,0.0,0.0,0.78125,OPEN_LOOP
1711131712.815172,33,2012.0,0.0,1.5625,0.035,0.78125,CLOSED_LOOP
1711131714.10589,42,1987.0,0.87,3.125,0.085,0.78125,CLOSED_LOOP
1711131715.335681,31,1910.0,0.075,1.5625,0.1,0.78125,OPEN_LOOP
1711131716.654236,72,2719.0,0.895,-4.6875,0.15,0.78125,OPEN_LOOP
1711131717.944833,30,2578.0,0.0,0.0,0.0,0.78125,OPEN_LOOP
1711131719.144026,28,2303.0,0.0,0.0,0.0,0.78125,OPEN_LOOP
1711131720.40497,27,1799.0,0.0,0.0,0.0,0.78125,OPEN_LOOP
1711131721.635591,39,1532.0,0.035,2.34375,0.04,0.78125,CLOSED_LOOP
1711131722.833977,59,1538.0,0.085,8.59375,0.09,0.78125,CLOSED_LOOP
1711131724.065244,73,1908.0,0.34,7.8125,0.12,0.78125,CLOSED_LOOP
1711131725.324198,70,2362.0,0.79,0.78125,0.14,0.78125,CLOSED_LOOP
1711131726.554802,66,2745.0,0.175,3.90625,0.145,0.78125,CLOSED_LOOP
1711131727.815531,61,3085.0,0.76,3.90625,0.155,0.78125,CLOSED_LOOP
1711131729.105182,25,2962.0,0.02,0.0,0.135,0.78125,OPEN_LOOP
1711131730.367366,48,1985.0,0.045,5.46875,0.075,0.78125,CLOSED_LOOP
1711131731.62482,49,2111.0,0.905,-0.78125,0.11,0.78125,CLOSED_LOOP
1711131732.9442,26,2012.0,0.04,0.78125,0.115,0.78125,OPEN_LOOP
1711131734.176518,27,1923.0,0.0,0.0,0.0,0.78125,OPEN_LOOP
1711131735.464608,31,1845.0,0.005,1.5625,0.03,0.78125,CLOSED_LOOP
1711131736.755265,30,1924.0,0.83,-1.5625,0.085,0.78125,CLOSED_LOOP
1711131737.984081,26,1910.0,0.055,0.78125,0.095,0.78125,OPEN_LOOP
1711131739.244568,35,1381.0,0.04,3.90625,0.05,0.78125,CLOSED_LOOP
1711131740.504899,41,1030.0,0.805,-0.78125,0.09,0.78125,CLOSED_LOOP
1711131741.763729,29,1973.0,0.0,0.0,0.0,0.78125,OPEN_LOOP
1711131742.994808,29,1975.0,0.0,0.78125,0.02,0.78125,CLOSED_LOOP
1711131744.224715,52,2269.0,0.85,6.25,0.095,0.78125,CLOSED_LOOP
1711131745.45424,51,2601.0,0.885,-0.78125,0.11,0.78125,CLOSED_LOOP
1711131746.684947,35,2575.0,0.07,3.90625,0.125,0.78125,CLOSED_LOOP
1711131747.914792,39,2688.0,0.88,-2.34375,0.13,0.78125,OPEN_LOOP
1711131749.114332,28,2635.0,0.0,0.0,0.0,0.78125,OPEN_LOOP
1711131750.345891,28,2493.0,0.0,0.0,0.0,0.78125,OPEN_LOOP
1711131751.574516,27,2310.0,0.0,0.0,0.0,0.78125,OPEN_LOOP
1711131752.80538,26,2183.0,0.0,0.0,0.0,0.78125,OPEN_LOOP
1711131754.06573,28,1407.0,0.02,2.34375,0.03,0.78125,CLOSED_LOOP
1711131755.324747,45,1019.0,0.055,5.46875,0.055,0.78125,CLOSED_LOOP
1711131756.554695,45,1050.0,0.865,3.90625,0.085,0.78125,CLOSED_LOOP
1711131757.844935,47,998.0,0.17,7.03125,0.1,0.78125,CLOSED_LOOP
1711131759.104584,44,1007.0,0.735,1.5625,0.105,0.78125,CLOSED_LOOP
1711131760.335557,44,1010.0,0.825,1.5625,0.115,0.78125,CLOSED_LOOP
1711131761.624332,45,1003.0,0.63,2.34375,0.12,0.78125,CLOSED_LOOP
1711131762.854731,51,1041.0,0.03,5.46875,0.045,0.78125,CLOSED_LOOP
1711131764.084415,50,1466.0,0.865,4.6875,0.11,0.78125,CLOSED_LOOP
1711131765.315531,58,1394.0,0.83,3.90625,0.125,0.78125,CLOSED_LOOP
1711131766.544715,34,1492.0,0.89,-1.5625,0.125,0.78125,CLOSED_LOOP
1711131767.805314,48,994.0,0.04,0.78125,0.13,0.78125,CLOSED_LOOP
1711131769.035325,44,992.0,0.195,4.6875,0.13,0.78125,CLOSED_LOOP
1711131770.294418,39,898.0,0.835,-0.78125,0.13,0.78125,CLOSED_LOOP
1711131771.524808,42,929.0,0.065,3.90625,0.13,0.78125,CLOSED_LOOP
1711131772.816196,40,917.0,0.765,-3.90625,0.135,0.78125,CLOSED_LOOP
1711131774.104393,42,936.0,0.095,4.6875,0.135,0.78125,CLOSED_LOOP
1711131775.365974,37,936.0,0.855,-3.90625,0.135,0.78125,CLOSED_LOOP
1711131776.655616,38,910.0,0.05,-1.5625,0.135,0.78125,CLOSED_LOOP
1711131777.855719,39,956.0,0.87,-2.34375,0.135,0.78125,CLOSED_LOOP
1711131779.054306,38,900.0,0.11,-6.25,0.135,0.78125,CLOSED_LOOP
1711131780.284638,39,939.0,0.07,1.5625,0.14,0.78125,CLOSED_LOOP
1711131781.51462,38,908.0,0.735,-7.03125,0.14,0.78125,CLOSED_LOOP
1711131782.803775,39,933.0,0.325,2.34375,0.14,0.78125,CLOSED_LOOP
1711131784.065325,38,911.0,0.755,-7.8125,0.14,0.78125,CLOSED_LOOP
1711131785.354611,39,942.0,0.08,1.5625,0.14,0.78125,CLOSED_LOOP
